year,fage,firms,estabs,emp,denom,estabs_entry,estabs_entry_rate,estabs_exit,estabs_exit_rate,job_creation,job_creation_births,job_creation_continuers,job_creation_rate_births,job_creation_rate,job_destruction,job_destruction_deaths,job_destruction_continuers,job_destruction_rate_deaths,job_destruction_rate,net_job_creation,net_job_creation_rate,reallocation_rate,firmdeath_firms,firmdeath_estabs,firmdeath_emp
1978,a) 0,486647,493861,2546788,1273411,493861,199.998,X,X,2546790,2546788,X,199.997,199.997,X,X,X,X,X,2546757,199.995,X,X,X,X
1978,b) 1,355225,365672,2345998,2328378,4540,1.068,123696,29.088,807506,49104,758402,2.109,34.681,760223,510006,250217,21.904,32.650,47283,2.031,65.301,98337,99088,416191
1978,c) 2,X,X,X,X,X,X,X,X,X,X,X,X,X,X,X,X,X,X,X,X,X,X,X,X
1978,d) 3,X,X,X,X,X,X,X,X,X,X,X,X,X,X,X,X,X,X,X,X,X,X,X,X
1978,e) 4,X,X,X,X,X,X,X,X,X,X,X,X,X,X,X,X,X,X,X,X,X,X,X,X
1978,f) 5,X,X,X,X,X,X,X,X,X,X,X,X,X,X,X,X,X,X,X,X,X,X,X,X
1978,g) 6 to 10,X,X,X,X,X,X,X,X,X,X,X,X,X,X,X,X,X,X,X,X,X,X,X,X
1978,h) 11 to 15,X,X,X,X,X,X,X,X,X,X,X,X,X,X,X,X,X,X,X,X,X,X,X,X
1978,i) 16 to 20,X,X,X,X,X,X,X,X,X,X,X,X,X,X,X,X,X,X,X,X,X,X,X,X
1978,j) 21 to 25,X,X,X,X,X,X,X,X,X,X,X,X,X,X,X,X,X,X,X,X,X,X,X,X
1978,k) 26+,X,X,X,X,X,X,X,X,X,X,X,X,X,X,X,X,X,X,X,X,X,X,X,X
1978,l) Left Censored,2716809,3466299,65344701,64058936,142719,3.999,348703,9.770,10899743,1992246,8907497,3.110,17.015,8319549,3056056,5263493,4.771,12.987,2580194,4.028,25.975,228005,232379,1405189
1979,a) 0,473380,477722,2422080,1211053,477722,199.998,X,X,2422081,2422080,X,199.998,199.998,X,X,X,X,X,2422056,199.996,X,X,X,X
1979,b) 1,362682,370682,2444511,2481039,1721,0.399,124030,28.722,788458,22154,766304,0.893,31.779,851408,521155,330253,21.006,34.317,-62950,-2.537,63.559,99425,99722,418266
1979,c) 2,307991,319206,2313164,2338906,14976,4.361,63334,18.444,591981,78319,513662,3.349,25.310,642379,315461,326918,13.488,27.465,-50398,-2.155,50.620,49763,50050,248322
1979,d) 3,X,X,X,X,X,X,X,X,X,X,X,X,X,X,X,X,X,X,X,X,X,X,X,X
1979,e) 4,X,X,X,X,X,X,X,X,X,X,X,X,X,X,X,X,X,X,X,X,X,X,X,X
1979,f) 5,X,X,X,X,X,X,X,X,X,X,X,X,X,X,X,X,X,X,X,X,X,X,X,X
1979,g) 6 to 10,X,X,X,X,X,X,X,X,X,X,X,X,X,X,X,X,X,X,X,X,X,X,X,X
1979,h) 11 to 15,X,X,X,X,X,X,X,X,X,X,X,X,X,X,X,X,X,X,X,X,X,X,X,X
1979,i) 16 to 20,X,X,X,X,X,X,X,X,X,X,X,X,X,X,X,X,X,X,X,X,X,X,X,X
1979,j) 21 to 25,X,X,X,X,X,X,X,X,X,X,X,X,X,X,X,X,X,X,X,X,X,X,X,X
1979,k) 26+,X,X,X,X,X,X,X,X,X,X,X,X,X,X,X,X,X,X,X,X,X,X,X,X
1979,l) Left Censored,2547713,3318052,67516070,66532111,121753,3.584,279474,8.227,9907993,1840835,8067158,2.767,14.892,7929276,2416999,5512277,3.633,11.918,1978717,2.974,23.836,180925,184853,1121580
1980,a) 0,439668,443642,2229000,1114507,443642,199.998,X,X,2229000,2229000,X,199.999,199.999,X,X,X,X,X,2228986,199.998,X,X,X,X
1980,b) 1,345845,351289,2200418,2308891,1473,0.356,127426,30.760,639760,16189,623571,0.701,27.709,848346,496989,351357,21.525,36.743,-208586,-9.034,55.417,103652,103813,405569
1980,c) 2,305219,313972,2191242,2315031,14044,4.103,70619,20.633,493773,75701,418072,3.270,21.329,740846,341984,398862,14.772,32.002,-247073,-10.673,42.658,56443,56699,275368
1980,d) 3,269857,281947,2169073,2245286,12993,4.322,50391,16.761,456215,73464,382751,3.272,20.319,609091,248327,360764,11.060,27.128,-152876,-6.809,40.638,39193,39559,195506
1980,e) 4,X,X,X,X,X,X,X,X,X,X,X,X,X,X,X,X,X,X,X,X,X,X,X,X
1980,f) 5,X,X,X,X,X,X,X,X,X,X,X,X,X,X,X,X,X,X,X,X,X,X,X,X
1980,g) 6 to 10,X,X,X,X,X,X,X,X,X,X,X,X,X,X,X,X,X,X,X,X,X,X,X,X
1980,h) 11 to 15,X,X,X,X,X,X,X,X,X,X,X,X,X,X,X,X,X,X,X,X,X,X,X,X
1980,i) 16 to 20,X,X,X,X,X,X,X,X,X,X,X,X,X,X,X,X,X,X,X,X,X,X,X,X
1980,j) 21 to 25,X,X,X,X,X,X,X,X,X,X,X,X,X,X,X,X,X,X,X,X,X,X,X,X
1980,k) 26+,X,X,X,X,X,X,X,X,X,X,X,X,X,X,X,X,X,X,X,X,X,X,X,X
1980,l) Left Censored,2378665,3159893,66258024,66864043,106230,3.279,265695,8.201,7978996,1665522,6313474,2.491,11.933,9185359,2401682,6783677,3.592,13.737,-1206363,-1.804,23.866,169909,174130,1062767
1981,a) 0,430123,432333,2391818,1195950,432333,199.998,X,X,2391812,2391812,X,199.993,199.993,X,X,X,X,X,2391724,199.985,X,X,X,X
1981,b) 1,321413,327075,2107298,2169990,2288,0.594,118251,30.710,644413,21818,622595,1.005,29.697,761158,457542,303616,21.085,35.077,-116745,-5.380,59.393,95718,95946,382409
1981,c) 2,289739,296419,2054542,2131264,14317,4.420,69235,21.377,497671,89772,407899,4.212,23.351,649130,326289,322841,15.310,30.458,-151459,-7.107,46.702,55692,55886,269086
1981,d) 3,265025,274880,2063589,2127855,13856,4.707,52782,17.932,454098,103110,350988,4.846,21.341,580842,254184,326658,11.946,27.297,-126744,-5.956,42.681,41197,41463,200323
1981,e) 4,239404,252635,2089262,2135458,11372,4.254,40743,15.241,422088,73731,348357,3.453,19.766,514635,195981,318654,9.177,24.100,-92547,-4.334,39.531,30920,31285,152212
1981,f) 5,X,X,X,X,X,X,X,X,X,X,X,X,X,X,X,X,X,X,X,X,X,X,X,X
1981,g) 6 to 10,X,X,X,X,X,X,X,X,X,X,X,X,X,X,X,X,X,X,X,X,X,X,X,X
1981,h) 11 to 15,X,X,X,X,X,X,X,X,X,X,X,X,X,X,X,X,X,X,X,X,X,X,X,X
1981,i) 16 to 20,X,X,X,X,X,X,X,X,X,X,X,X,X,X,X,X,X,X,X,X,X,X,X,X
1981,j) 21 to 25,X,X,X,X,X,X,X,X,X,X,X,X,X,X,X,X,X,X,X,X,X,X,X,X
1981,k) 26+,X,X,X,X,X,X,X,X,X,X,X,X,X,X,X,X,X,X,X,X,X,X,X,X
1981,l) Left Censored,2222571,3028139,65073804,65649364,112475,3.637,241880,7.821,7742260,1893805,5848455,2.885,11.793,8880429,2252229,6628200,3.431,13.527,-1138169,-1.734,23.587,153612,158843,993120
1982,a) 0,418619,425066,2270806,1135425,425066,200.000,X,X,2270809,2270806,X,199.996,199.996,X,X,X,X,X,2270767,199.993,X,X,X,X
1982,b) 1,309374,315789,2198376,2281126,4564,1.224,118826,31.864,686410,51022,635388,2.237,30.091,844707,496303,348404,21.757,37.030,-158297,-6.939,60.182,97400,97518,427012
1982,c) 2,263881,271361,1880173,1981283,12031,4.028,66665,22.320,449622,72236,377386,3.646,22.693,650022,319503,330519,16.126,32.808,-200400,-10.115,45.387,54025,54192,271680
1982,d) 3,245308,253595,1859002,1940036,10918,3.976,52945,19.280,394727,57692,337035,2.974,20.346,555404,244663,310741,12.611,28.629,-160677,-8.282,40.693,41967,42102,203024
1982,e) 4,229836,241408,1915655,1987068,10402,4.033,43443,16.843,385022,68543,316479,3.449,19.376,527338,213209,314129,10.730,26.539,-142316,-7.162,38.753,33142,33426,171473
1982,f) 5,211285,225663,1942071,2014744,9503,3.972,36668,15.327,352692,60099,292593,2.983,17.506,497079,189909,307170,9.426,24.672,-144387,-7.167,35.011,26891,27231,141057
1982,g) 6 to 10,X,X,X,X,X,X,X,X,X,X,X,X,X,X,X,X,X,X,X,X,X,X,X,X
1982,h) 11 to 15,X,X,X,X,X,X,X,X,X,X,X,X,X,X,X,X,X,X,X,X,X,X,X,X
1982,i) 16 to 20,X,X,X,X,X,X,X,X,X,X,X,X,X,X,X,X,X,X,X,X,X,X,X,X
1982,j) 21 to 25,X,X,X,X,X,X,X,X,X,X,X,X,X,X,X,X,X,X,X,X,X,X,X,X
1982,k) 26+,X,X,X,X,X,X,X,X,X,X,X,X,X,X,X,X,X,X,X,X,X,X,X,X
1982,l) Left Censored,2063492,2883969,62898069,63981452,102427,3.461,252566,8.535,7327515,1639885,5687630,2.563,11.453,9479082,2395265,7083817,3.744,14.815,-2151567,-3.363,22.905,152889,157779,1006870
1983,a) 0,456601,460884,2497135,1248571,460884,199.999,X,X,2497135,2497135,X,199.999,199.999,X,X,X,X,X,2497127,199.999,X,X,X,X
1983,b) 1,314208,322121,2093342,2183207,2197,0.589,104097,27.903,592385,23857,568528,1.093,27.134,766096,446693,319403,20.460,35.090,-173711,-7.957,54.267,83990,84311,378828
1983,c) 2,261035,268637,1994150,2092472,11800,4.040,58643,20.079,438414,61834,376580,2.955,20.952,632510,300623,331887,14.367,30.228,-194096,-9.276,41.904,46897,47219,251298
1983,d) 3,231104,239621,1749075,1815586,12019,4.706,43589,17.067,365911,54631,311280,3.009,20.154,497878,220291,277587,12.133,27.422,-131967,-7.269,40.308,34251,34501,181295
1983,e) 4,219098,228219,1730768,1791016,11335,4.708,36395,15.117,336581,58642,277939,3.274,18.793,456953,186634,270319,10.421,25.514,-120372,-6.721,37.585,28210,28416,151037
1983,f) 5,208710,221374,1820211,1870166,11547,4.991,31471,13.604,352000,70740,281260,3.783,18.822,451848,169472,282376,9.062,24.161,-99848,-5.339,37.644,23359,23758,125886
1983,g) 6 to 10,194082,209080,1820039,1878285,10319,4.746,27044,12.437,326110,59404,266706,3.163,17.362,442640,174162,268478,9.272,23.566,-116530,-6.204,34.724,19733,20083,136898
1983,h) 11 to 15,X,X,X,X,X,X,X,X,X,X,X,X,X,X,X,X,X,X,X,X,X,X,X,X
1983,i) 16 to 20,X,X,X,X,X,X,X,X,X,X,X,X,X,X,X,X,X,X,X,X,X,X,X,X
1983,j) 21 to 25,X,X,X,X,X,X,X,X,X,X,X,X,X,X,X,X,X,X,X,X,X,X,X,X
1983,k) 26+,X,X,X,X,X,X,X,X,X,X,X,X,X,X,X,X,X,X,X,X,X,X,X,X
1983,l) Left Censored,1945765,2762014,60296272,61597247,103790,3.675,227991,8.073,7258487,1564200,5694287,2.539,11.784,9863914,2609074,7254840,4.236,16.014,-2605427,-4.230,23.568,126599,131763,872005
1984,a) 0,529546,533876,2809642,1404851,533876,199.999,X,X,2809639,2809639,X,199.996,199.996,X,X,X,X,X,2809576,199.991,X,X,X,X
1984,b) 1,341446,346604,2502035,2496136,1149,0.285,114328,28.356,828381,19712,808669,0.790,33.187,803269,500528,302741,20.052,32.180,25112,1.006,64.361,93474,93605,422900
1984,c) 2,267740,275693,2093187,2080601,9856,3.299,56032,18.754,546480,57769,488711,2.777,26.265,519478,278977,240501,13.408,24.968,27002,1.298,49.935,45566,45982,236690
1984,d) 3,231981,239505,2043250,2017950,10510,4.135,39815,15.665,478594,56548,422046,2.802,23.717,426823,208688,218135,10.342,21.151,51771,2.566,42.303,31872,32227,173893
1984,e) 4,210008,218506,1806420,1776901,9968,4.345,31809,13.865,409862,49082,360780,2.762,23.066,350154,161148,189006,9.069,19.706,59708,3.360,39.412,24869,25212,130082
1984,f) 5,201285,210304,1773745,1751696,9993,4.555,28164,12.837,377735,46147,331588,2.634,21.564,333776,143523,190253,8.193,19.054,43959,2.510,38.109,21613,21884,112261
1984,g) 6 to 10,375640,403831,3755174,3696324,19609,4.698,46798,11.211,767989,125377,642612,3.392,20.777,648566,261935,386631,7.086,17.546,119423,3.231,35.092,34727,35425,196265
1984,h) 11 to 15,X,X,X,X,X,X,X,X,X,X,X,X,X,X,X,X,X,X,X,X,X,X,X,X
1984,i) 16 to 20,X,X,X,X,X,X,X,X,X,X,X,X,X,X,X,X,X,X,X,X,X,X,X,X
1984,j) 21 to 25,X,X,X,X,X,X,X,X,X,X,X,X,X,X,X,X,X,X,X,X,X,X,X,X
1984,k) 26+,X,X,X,X,X,X,X,X,X,X,X,X,X,X,X,X,X,X,X,X,X,X,X,X
1984,l) Left Censored,1843539,2674879,61871415,61023413,103476,3.805,192206,7.068,8586646,1945924,6640722,3.189,14.071,6883470,2074365,4809105,3.399,11.280,1703176,2.791,22.560,112623,116782,795585
1985,a) 0,512394,516758,2941592,1470813,516758,199.999,X,X,2941589,2941589,X,199.998,199.998,X,X,X,X,X,2941552,199.995,X,X,X,X
1985,b) 1,392899,398424,2788771,2810891,1293,0.278,135991,29.197,894053,23711,870342,0.844,31.807,926519,582352,344167,20.718,32.962,-32466,-1.155,63.613,111479,111615,498509
1985,c) 2,283927,289558,2414033,2453676,11959,3.760,68922,21.671,630861,69674,561187,2.840,25.711,708433,387360,321073,15.787,28.872,-77572,-3.161,51.422,56739,56923,321094
1985,d) 3,235302,243419,2028180,2047232,11017,4.246,43149,16.629,453658,54934,398724,2.683,22.160,491206,241914,249292,11.817,23.994,-37548,-1.834,44.319,34828,35288,202131
1985,e) 4,208180,215955,1995131,2011515,9749,4.279,33469,14.691,416135,53506,362629,2.660,20.688,447977,207867,240110,10.334,22.271,-31842,-1.583,41.375,26350,26766,169602
1985,f) 5,190500,199285,1779112,1786355,9283,4.444,28522,13.653,367069,53009,314060,2.967,20.548,380848,169572,211276,9.493,21.320,-13779,-0.771,41.097,22250,22621,136005
1985,g) 6 to 10,529790,568425,5505333,5527930,26658,4.506,72901,12.324,1041186,159787,881399,2.891,18.835,1083725,454044,629681,8.214,19.605,-42539,-0.770,37.670,54446,55602,350454
1985,h) 11 to 15,X,X,X,X,X,X,X,X,X,X,X,X,X,X,X,X,X,X,X,X,X,X,X,X
1985,i) 16 to 20,X,X,X,X,X,X,X,X,X,X,X,X,X,X,X,X,X,X,X,X,X,X,X,X
1985,j) 21 to 25,X,X,X,X,X,X,X,X,X,X,X,X,X,X,X,X,X,X,X,X,X,X,X,X
1985,k) 26+,X,X,X,X,X,X,X,X,X,X,X,X,X,X,X,X,X,X,X,X,X,X,X,X
1985,l) Left Censored,1719953,2553661,62126672,62020433,96332,3.685,217509,8.320,8176444,1812968,6363476,2.923,13.183,7965074,2773682,5191392,4.472,12.843,211370,0.341,25.685,125565,131874,1138365
1986,a) 0,516869,518771,2972143,1486077,518771,199.998,X,X,2972143,2972143,X,199.999,199.999,X,X,X,X,X,2972132,199.999,X,X,X,X
1986,b) 1,381091,389445,2846937,2904508,4403,0.972,131061,28.946,878305,61677,816628,2.123,30.239,984426,603304,381122,20.771,33.893,-106121,-3.654,60.479,105976,106279,507455
1986,c) 2,332045,340644,2640611,2714677,15069,4.078,72751,19.690,644374,98250,546124,3.619,23.737,790753,399724,391029,14.725,29.129,-146379,-5.392,47.473,58749,58978,335343
1986,d) 3,247214,255741,2251330,2320154,12578,4.614,46316,16.990,490798,82734,408064,3.566,21.154,629660,282192,347468,12.163,27.139,-138862,-5.985,42.307,36940,37161,228338
1986,e) 4,210679,220716,1972174,2000308,9709,4.184,32429,13.973,397550,64734,332816,3.236,19.874,452463,187859,264604,9.392,22.620,-54913,-2.745,39.749,25490,25816,153525
1986,f) 5,188640,198143,1935039,1967511,9121,4.405,26960,13.020,364725,58801,305924,2.989,18.537,428411,168573,259838,8.568,21.774,-63686,-3.237,37.075,20832,21130,134905
1986,g) 6 to 10,664548,719182,7143818,7215710,35139,4.724,84607,11.373,1316268,251083,1065185,3.480,18.242,1459739,514347,945392,7.128,20.230,-143471,-1.988,36.483,62242,63499,381170
1986,h) 11 to 15,X,X,X,X,X,X,X,X,X,X,X,X,X,X,X,X,X,X,X,X,X,X,X,X
1986,i) 16 to 20,X,X,X,X,X,X,X,X,X,X,X,X,X,X,X,X,X,X,X,X,X,X,X,X
1986,j) 21 to 25,X,X,X,X,X,X,X,X,X,X,X,X,X,X,X,X,X,X,X,X,X,X,X,X
1986,k) 26+,X,X,X,X,X,X,X,X,X,X,X,X,X,X,X,X,X,X,X,X,X,X,X,X
1986,l) Left Censored,1616244,2469027,61897306,61946495,106413,4.239,189574,7.551,7920190,1954096,5966094,3.154,12.786,8008523,2215371,5793152,3.576,12.928,-88333,-0.143,25.571,104494,109687,812491
1987,a) 0,513561,522095,3392420,1696230,522095,199.999,X,X,3392417,3392417,X,199.997,199.997,X,X,X,X,X,3392373,199.995,X,X,X,X
1987,b) 1,383339,393376,2916860,2951876,8012,1.759,132417,29.066,948114,104834,843280,3.551,32.119,1008712,608417,400295,20.611,34.172,-60598,-2.053,64.238,108766,108862,522346
1987,c) 2,320489,331150,2617698,2717969,15920,4.428,72726,20.227,667251,105789,561462,3.892,24.550,865321,406163,459158,14.944,31.837,-198070,-7.287,49.099,59383,59623,339077
1987,d) 3,292398,303524,2478310,2539295,14794,4.599,51160,15.903,566811,99783,467028,3.930,22.322,689317,307578,381739,12.113,27.146,-122506,-4.824,44.643,41284,41461,259338
1987,e) 4,220098,231624,2192584,2204063,11914,4.890,35972,14.764,518124,129786,388338,5.888,23.508,541203,231971,309232,10.525,24.555,-23079,-1.047,47.015,28810,29009,192392
1987,f) 5,190307,201427,1893526,1930877,8981,4.258,28012,13.279,366983,59289,307694,3.071,19.006,439944,177706,262238,9.203,22.785,-72961,-3.779,38.012,21833,22154,143456
1987,g) 6 to 10,787555,856187,8906799,8995818,40397,4.555,101900,11.489,1644532,324850,1319682,3.611,18.281,1821635,694734,1126901,7.723,20.250,-177103,-1.969,36.562,73876,75291,485668
1987,h) 11 to 15,X,X,X,X,X,X,X,X,X,X,X,X,X,X,X,X,X,X,X,X,X,X,X,X
1987,i) 16 to 20,X,X,X,X,X,X,X,X,X,X,X,X,X,X,X,X,X,X,X,X,X,X,X,X
1987,j) 21 to 25,X,X,X,X,X,X,X,X,X,X,X,X,X,X,X,X,X,X,X,X,X,X,X,X
1987,k) 26+,X,X,X,X,X,X,X,X,X,X,X,X,X,X,X,X,X,X,X,X,X,X,X,X
1987,l) Left Censored,1515994,2384788,61484985,61875014,118233,4.869,205450,8.460,8229086,2283985,5945101,3.691,13.300,9009644,2838593,6171051,4.588,14.561,-780558,-1.262,26.599,101851,107745,876766
1988,a) 0,506971,514978,3050637,1525323,514978,199.999,X,X,3050636,3050636,X,199.999,199.999,X,X,X,X,X,3050625,199.999,X,X,X,X
1988,b) 1,380429,390718,3248507,3311386,2698,0.592,132565,29.094,888088,36531,851557,1.103,26.819,1003814,615692,388122,18.593,30.314,-115726,-3.495,53.638,108132,108640,529531
1988,c) 2,331409,343072,2959619,3052009,15101,4.055,73791,19.814,673619,99000,574619,3.244,22.071,858669,435725,422944,14.277,28.135,-185050,-6.063,44.143,59696,60119,367058
1988,d) 3,279922,291991,2454193,2519766,13525,4.347,51844,16.662,534375,89182,445193,3.539,21.207,664266,308035,356231,12.225,26.362,-129891,-5.155,42.415,41650,42126,256482
1988,e) 4,263073,276239,2356545,2406736,12682,4.379,39449,13.621,470905,77448,393457,3.218,19.566,571738,239413,332325,9.948,23.756,-100833,-4.190,39.132,30955,31290,190655
1988,f) 5,198819,211925,2068427,2110410,9862,4.452,29053,13.115,389965,70942,319023,3.362,18.478,474433,195887,278546,9.282,22.481,-84468,-4.002,36.956,22527,22931,153526
1988,g) 6 to 10,773129,839281,8778842,8884552,37197,4.291,92445,10.664,1546850,310047,1236803,3.490,17.411,1755585,618162,1137423,6.958,19.760,-208735,-2.349,34.821,68534,70096,465287
1988,h) 11 to 15,135663,156760,1871380,1877601,7075,4.401,15107,9.396,328995,88427,240568,4.710,17.522,342147,108514,233633,5.779,18.223,-13152,-0.700,35.044,10094,10620,65959
1988,i) 16 to 20,X,X,X,X,X,X,X,X,X,X,X,X,X,X,X,X,X,X,X,X,X,X,X,X
1988,j) 21 to 25,X,X,X,X,X,X,X,X,X,X,X,X,X,X,X,X,X,X,X,X,X,X,X,X
1988,k) 26+,X,X,X,X,X,X,X,X,X,X,X,X,X,X,X,X,X,X,X,X,X,X,X,X
1988,l) Left Censored,1438509,2333650,61598598,61509960,125669,5.326,177542,7.524,8509327,2427177,6082150,3.946,13.834,8329427,2580605,5748822,4.195,13.542,179900,0.292,27.083,83797,89516,762053
1989,a) 0,502522,509516,2991276,1495638,509516,200.000,X,X,2991276,2991276,X,200.000,200.000,X,X,X,X,X,2991276,200.000,X,X,X,X
1989,b) 1,380096,389679,3068790,3083103,2417,0.534,127553,28.204,955597,49589,906008,1.608,30.995,976006,594510,381496,19.283,31.657,-20409,-0.662,61.989,104608,105081,496532
1989,c) 2,322746,334263,3141583,3192001,13640,3.762,70176,19.357,678827,107484,571343,3.367,21.267,779560,411790,367770,12.901,24.422,-100733,-3.156,42.533,57301,57955,349714
1989,d) 3,291895,304554,2840565,2895582,13066,4.035,51659,15.951,569494,82191,487303,2.838,19.668,676837,321815,355022,11.114,23.375,-107343,-3.707,39.335,41697,42366,271367
1989,e) 4,250859,264730,2413825,2437849,11507,4.130,39268,14.094,485850,79730,406120,3.271,19.929,533573,238119,295454,9.768,21.887,-47723,-1.958,39.859,31166,31680,191847
1989,f) 5,240899,253982,2319394,2341899,10192,3.844,32550,12.276,440251,69088,371163,2.950,18.799,484171,202011,282160,8.626,20.674,-43920,-1.875,37.598,24939,25950,155913
1989,g) 6 to 10,769967,836341,9060850,9091431,33830,3.914,89944,10.405,1542160,273217,1268943,3.005,16.963,1604939,614495,990444,6.759,17.653,-62779,-0.691,33.926,67978,69997,469969
1989,h) 11 to 15,261694,300830,3664692,3671254,11721,3.794,27968,9.052,588921,110410,478511,3.007,16.041,601010,207595,393415,5.655,16.371,-12089,-0.329,32.083,19481,20296,137740
1989,i) 16 to 20,X,X,X,X,X,X,X,X,X,X,X,X,X,X,X,X,X,X,X,X,X,X,X,X
1989,j) 21 to 25,X,X,X,X,X,X,X,X,X,X,X,X,X,X,X,X,X,X,X,X,X,X,X,X
1989,k) 26+,X,X,X,X,X,X,X,X,X,X,X,X,X,X,X,X,X,X,X,X,X,X,X,X
1989,l) Left Censored,1360993,2277393,61835016,61663716,117513,5.097,173750,7.536,8025943,2174822,5851121,3.527,13.016,7705946,2395894,5310052,3.885,12.497,319997,0.519,24.993,82334,88422,711946
1990,a) 0,493044,498709,2895366,1447686,498709,199.999,X,X,2895367,2895366,X,200.000,200.000,X,X,X,X,X,2895361,199.999,X,X,X,X
1990,b) 1,376080,384556,2942882,2997559,2035,0.455,126502,28.314,895086,35900,859186,1.198,29.860,996586,584389,412197,19.495,33.247,-101500,-3.386,59.721,104644,104958,506111
1990,c) 2,320143,331406,2874469,2972084,13553,3.758,71982,19.961,654877,102241,552636,3.440,22.034,849425,424629,424796,14.287,28.580,-194548,-6.546,44.069,59757,60208,359435
1990,d) 3,283372,295855,3045224,3089884,13289,4.219,51512,16.355,557665,79324,478341,2.567,18.048,649235,301812,347423,9.768,21.012,-91570,-2.964,36.096,42147,42820,258481
1990,e) 4,262189,275967,2727220,2782971,11727,4.040,40376,13.909,484384,73030,411354,2.624,17.405,596107,253564,342543,9.111,21.420,-111723,-4.015,34.811,32603,33174,211367
1990,f) 5,228252,243019,2351257,2382560,10319,4.063,32202,12.680,426430,73081,353349,3.067,17.898,489287,199426,289861,8.370,20.536,-62857,-2.638,35.796,25571,26147,166540
1990,g) 6 to 10,813705,882550,9522224,9616310,34056,3.737,91379,10.028,1516010,269804,1246206,2.806,15.765,1703980,593220,1110760,6.169,17.720,-187970,-1.955,31.530,69484,71578,451333
1990,h) 11 to 15,375488,429804,5335523,5351984,15488,3.513,37599,8.529,819848,150239,669609,2.807,15.319,852882,269931,582951,5.044,15.936,-33034,-0.617,30.637,26961,28099,179644
1990,i) 16 to 20,X,X,X,X,X,X,X,X,X,X,X,X,X,X,X,X,X,X,X,X,X,X,X,X
1990,j) 21 to 25,X,X,X,X,X,X,X,X,X,X,X,X,X,X,X,X,X,X,X,X,X,X,X,X
1990,k) 26+,X,X,X,X,X,X,X,X,X,X,X,X,X,X,X,X,X,X,X,X,X,X,X,X
1990,l) Left Censored,1292920,2227517,61978279,61949161,100804,4.475,151278,6.715,7265678,1883330,5382348,3.040,11.728,7199624,1938878,5260746,3.130,11.622,66054,0.107,23.244,72718,77880,587664
1991,a) 0,450715,455599,2539585,1269793,455599,200.000,X,X,2539585,2539585,X,200.000,200.000,X,X,X,X,X,2539584,200.000,X,X,X,X
1991,b) 1,363759,372946,2581417,2717736,3798,0.873,128072,29.436,742037,45282,696755,1.666,27.303,1007098,592338,414760,21.795,37.057,-265061,-9.753,54.607,104143,104316,501318
1991,c) 2,312960,323650,2543478,2724063,13524,3.825,73425,20.765,543870,86857,457013,3.189,19.965,902745,444275,458470,16.309,33.140,-358875,-13.174,39.931,59697,60133,372884
1991,d) 3,275449,288963,2493948,2656514,13081,4.222,54791,17.685,462965,89869,373096,3.383,17.428,787955,368203,419752,13.860,29.661,-324990,-12.234,34.855,43777,44303,295142
1991,e) 4,250366,265630,2767831,2900143,12366,4.407,42331,15.085,425122,91016,334106,3.138,14.659,689130,301047,388083,10.380,23.762,-264008,-9.103,29.317,33491,34105,254685
1991,f) 5,235366,251664,2517593,2622591,11199,4.245,35518,13.463,400001,86935,313066,3.315,15.252,610818,236071,374747,9.001,23.291,-210817,-8.039,30.504,27490,28411,189035
1991,g) 6 to 10,840222,919415,9545779,9929609,39215,4.128,100487,10.577,1412465,334692,1077773,3.371,14.225,2179959,750104,1429855,7.554,21.954,-767494,-7.729,28.450,75013,77291,560472
1991,h) 11 to 15,471385,547324,6546499,6774209,23482,4.186,50713,9.041,884089,231193,652896,3.413,13.051,1337515,424237,913278,6.263,19.744,-453426,-6.693,26.102,35723,37201,305122
1991,i) 16 to 20,X,X,X,X,X,X,X,X,X,X,X,X,X,X,X,X,X,X,X,X,X,X,X,X
1991,j) 21 to 25,X,X,X,X,X,X,X,X,X,X,X,X,X,X,X,X,X,X,X,X,X,X,X,X
1991,k) 26+,X,X,X,X,X,X,X,X,X,X,X,X,X,X,X,X,X,X,X,X,X,X,X,X
1991,l) Left Censored,1212087,2179238,59912178,60971689,117805,5.350,163392,7.420,6581541,2101301,4480240,3.446,10.794,8709145,2383255,6325890,3.909,14.284,-2127604,-3.489,21.589,74464,80807,903159
1992,a) 0,438713,446358,2489965,1244983,446358,200.000,X,X,2489965,2489965,X,200.000,200.000,X,X,X,X,X,2489965,200.000,X,X,X,X
1992,b) 1,337387,347659,2356726,2417766,6302,1.574,111531,27.864,721766,70246,651520,2.905,29.853,836920,505472,331448,20.907,34.615,-115154,-4.763,59.705,89646,89820,429750
1992,c) 2,306051,317369,2350195,2448121,14130,4.103,68200,19.802,544922,81232,463690,3.318,22.259,738451,378268,360183,15.451,30.164,-193529,-7.905,44.518,54811,55064,320756
1992,d) 3,272035,284677,2380235,2448205,12917,4.254,50813,16.735,511407,88676,422731,3.622,20.889,645232,315287,329945,12.878,26.355,-133825,-5.466,41.778,40471,40882,260731
1992,e) 4,244538,260311,2374270,2426622,12308,4.488,40207,14.660,467955,95915,372040,3.953,19.284,571858,252526,319332,10.406,23.566,-103903,-4.282,38.568,31449,31777,201123
1992,f) 5,225790,242503,2640600,2686504,10564,4.161,33368,13.142,459849,78285,381564,2.914,17.117,550082,216285,333797,8.051,20.476,-90233,-3.359,34.234,25415,25880,173425
1992,g) 6 to 10,875196,957714,9922907,10103194,36716,3.703,104116,10.502,1561466,264337,1297129,2.616,15.455,1921190,710761,1210429,7.035,19.016,-359724,-3.560,30.910,74336,76512,521451
1992,h) 11 to 15,564099,654816,7954734,8087895,22437,3.332,59491,8.835,1140304,213352,926952,2.638,14.099,1402776,465645,937131,5.757,17.344,-262472,-3.245,28.198,38007,39678,303195
1992,i) 16 to 20,X,X,X,X,X,X,X,X,X,X,X,X,X,X,X,X,X,X,X,X,X,X,X,X
1992,j) 21 to 25,X,X,X,X,X,X,X,X,X,X,X,X,X,X,X,X,X,X,X,X,X,X,X,X
1992,k) 26+,X,X,X,X,X,X,X,X,X,X,X,X,X,X,X,X,X,X,X,X,X,X,X,X
1992,l) Left Censored,1149752,2103824,58963544,59560464,88716,4.141,166259,7.760,6806670,1759817,5046853,2.955,11.428,7999861,2272174,5727687,3.815,13.431,-1193191,-2.003,22.856,61211,66930,483798
1993,a) 0,461085,465176,2540215,1270115,465176,200.000,X,X,2540217,2540215,X,199.999,199.999,X,X,X,X,X,2540203,199.998,X,X,X,X
1993,b) 1,336960,345652,2603162,2587545,1730,0.437,102305,25.839,776239,25269,750970,0.977,29.999,736917,425321,311596,16.437,28.479,39322,1.520,56.959,82919,83149,363933
1993,c) 2,291386,300554,2234010,2295766,11972,3.694,58992,18.204,519181,59779,459402,2.604,22.615,639644,317400,322244,13.825,27.862,-120463,-5.247,45.229,46527,48437,274641
1993,d) 3,272005,283323,2280891,2307148,12299,4.097,45983,15.319,493837,62005,431832,2.688,21.405,545492,249277,296215,10.805,23.644,-51655,-2.239,42.809,36459,36895,208321
1993,e) 4,246270,259963,2323121,2354910,10953,4.018,36249,13.297,448337,63586,384751,2.700,19.038,510928,214021,296907,9.088,21.696,-62591,-2.658,38.077,28717,29107,173417
1993,f) 5,223644,239392,2326237,2351923,10031,4.016,30832,12.343,424905,71456,353449,3.038,18.066,474519,192483,282036,8.184,20.176,-49614,-2.110,36.133,23647,24160,145311
1993,g) 6 to 10,908163,993372,10774968,10846802,37156,3.630,97634,9.538,1667147,259504,1407643,2.392,15.370,1810202,617139,1193063,5.690,16.689,-143055,-1.319,30.740,71988,73882,453601
1993,h) 11 to 15,558616,641690,7884141,7912318,19740,3.003,51218,7.791,1117229,185767,931462,2.348,14.120,1177312,348773,828539,4.408,14.879,-60083,-0.759,28.240,35011,36559,220725
1993,i) 16 to 20,100216,122727,1652577,1655659,3778,3.009,9476,7.546,232856,42726,190130,2.581,14.064,238129,74253,163876,4.485,14.383,-5273,-0.318,28.128,5956,6386,45042
1993,j) 21 to 25,X,X,X,X,X,X,X,X,X,X,X,X,X,X,X,X,X,X,X,X,X,X,X,X
1993,k) 26+,X,X,X,X,X,X,X,X,X,X,X,X,X,X,X,X,X,X,X,X,X,X,X,X
1993,l) Left Censored,1096980,2030249,58478947,58696394,77318,3.741,149957,7.256,6720640,1545732,5174908,2.633,11.450,7167214,2021955,5145259,3.445,12.211,-446574,-0.761,22.900,55096,59849,431625
1994,a) 0,475990,481083,2688542,1344277,481083,199.998,X,X,2688542,2688542,X,199.999,199.999,X,X,X,X,X,2688529,199.998,X,X,X,X
1994,b) 1,349753,355304,2484917,2500705,1724,0.421,110364,26.943,746548,26220,720328,1.049,29.854,770096,470177,299919,18.802,30.795,-23548,-0.942,59.707,90623,90755,405785
1994,c) 2,288993,298675,2452471,2517922,11056,3.431,58248,18.074,557715,81935,475780,3.254,22.150,685130,333637,351493,13.250,27.210,-127415,-5.060,44.300,47236,47703,286325
1994,d) 3,258030,267728,2140247,2187266,10361,3.649,42751,15.057,439013,56323,382690,2.575,20.071,532982,241101,291881,11.023,24.368,-93969,-4.296,40.143,34344,34809,205927
1994,e) 4,245471,257460,2205995,2242632,10641,3.937,36226,13.405,435168,62961,372207,2.807,19.404,507147,214261,292886,9.554,22.614,-71979,-3.210,38.809,28638,29135,181805
1994,f) 5,224436,238919,2256543,2288399,9893,3.968,30718,12.320,417373,75091,342282,3.281,18.239,481854,195408,286446,8.539,21.056,-64481,-2.818,36.477,23891,24385,149890
1994,g) 6 to 10,929112,1018514,11322908,11381539,38663,3.683,101134,9.634,1762259,299098,1463161,2.628,15.483,1878809,671265,1207544,5.898,16.508,-116550,-1.024,30.967,74875,77177,492224
1994,h) 11 to 15,558305,638154,7971041,7989167,19706,3.014,51211,7.832,1102115,191843,910272,2.401,13.795,1138777,346307,792470,4.335,14.254,-36662,-0.459,27.590,35187,36755,231225
1994,i) 16 to 20,195470,238920,3309094,3302641,7718,3.165,17547,7.196,460222,95686,364536,2.897,13.935,447676,129272,318404,3.914,13.555,12546,0.380,27.110,11502,12185,78158
1994,j) 21 to 25,X,X,X,X,X,X,X,X,X,X,X,X,X,X,X,X,X,X,X,X,X,X,X,X
1994,k) 26+,X,X,X,X,X,X,X,X,X,X,X,X,X,X,X,X,X,X,X,X,X,X,X,X
1994,l) Left Censored,1049501,1996438,58812857,58783453,91211,4.522,132516,6.570,6693177,1790576,4902601,3.046,11.386,6627530,1926239,4701291,3.277,11.274,65647,0.112,22.549,52533,57830,442516
1995,a) 0,495005,500465,2791166,1395596,500465,199.999,X,X,2791168,2791166,X,199.998,199.998,X,X,X,X,X,2791144,199.997,X,X,X,X
1995,b) 1,365287,372129,2672058,2665901,1800,0.422,110003,25.808,802399,39699,762700,1.489,30.099,783508,457805,325703,17.173,29.390,18891,0.709,58.780,89809,89929,393630
1995,c) 2,299833,306703,2415401,2437023,11439,3.458,59573,18.010,582684,73784,508900,3.028,23.910,623110,323327,299783,13.267,25.568,-40426,-1.659,47.819,48983,49148,280689
1995,d) 3,256877,267308,2376295,2400845,10551,3.728,41905,14.808,473916,63364,410552,2.639,19.740,521026,241097,279929,10.042,21.702,-47110,-1.962,39.479,33772,34277,207190
1995,e) 4,233964,244346,2096571,2114103,9560,3.734,32965,12.875,399659,53092,346567,2.511,18.904,433298,185806,247492,8.789,20.496,-33639,-1.591,37.809,26402,26840,157457
1995,f) 5,225107,237489,2205396,2207147,9795,3.961,29447,11.907,411932,63784,348148,2.890,18.664,414478,168921,245557,7.653,18.779,-2546,-0.115,37.327,23022,23569,139511
1995,g) 6 to 10,917475,1008937,11653485,11618074,39695,3.822,99100,9.541,1890568,364376,1526192,3.136,16.273,1817742,659604,1158138,5.677,15.646,72826,0.627,31.292,74262,76771,506537
1995,h) 11 to 15,597208,681227,8541823,8498444,21855,3.141,51097,7.343,1241222,243208,998014,2.862,14.605,1153989,359759,794230,4.233,13.579,87233,1.026,27.158,36138,37953,241656
1995,i) 16 to 20,282032,342055,4870073,4836517,10566,3.028,24343,6.976,673380,143743,529637,2.972,13.923,605997,180420,425577,3.730,12.530,67383,1.393,25.059,16343,17373,107859
1995,j) 21 to 25,X,X,X,X,X,X,X,X,X,X,X,X,X,X,X,X,X,X,X,X,X,X,X,X
1995,k) 26+,X,X,X,X,X,X,X,X,X,X,X,X,X,X,X,X,X,X,X,X,X,X,X,X
1995,l) Left Censored,1000993,1961038,59385615,59100582,90542,4.575,126308,6.383,6774921,1843205,4931716,3.119,11.463,6197626,1739853,4457773,2.944,10.487,577295,0.977,20.973,49895,55808,430746
1996,a) 0,493282,495305,2798979,1399492,495305,199.999,X,X,2798979,2798979,X,200.000,200.000,X,X,X,X,X,2798974,199.999,X,X,X,X
1996,b) 1,378453,386550,2712542,2736332,2794,0.631,115765,26.130,796579,42521,754058,1.554,29.111,834860,472989,361871,17.286,30.510,-38281,-1.399,58.222,94676,94859,406276
1996,c) 2,312805,321697,2579830,2631381,12096,3.488,62304,17.965,580725,70299,510426,2.672,22.069,684665,335429,349236,12.747,26.019,-103940,-3.950,44.138,51050,51226,287417
1996,d) 3,264756,273079,2290109,2335243,10721,3.701,43968,15.177,466608,63516,403092,2.720,19.981,555888,256092,299796,10.966,23.804,-89280,-3.823,39.962,36100,36224,218706
1996,e) 4,231079,242638,2293042,2339573,9608,3.773,33675,13.223,404452,64810,339642,2.770,17.287,497170,200685,296485,8.578,21.250,-92718,-3.963,34.575,27031,27407,166647
1996,f) 5,213128,224523,2021019,2050251,8806,3.760,28111,12.004,356770,58848,297922,2.870,17.401,415264,170279,244985,8.305,20.254,-58494,-2.853,34.803,22330,22693,143461
1996,g) 6 to 10,911854,1001182,11408497,11522469,37682,3.646,102100,9.880,1733431,344915,1388516,2.993,15.044,1961844,688918,1272926,5.979,17.026,-228413,-1.982,30.088,76776,79478,532184
1996,h) 11 to 15,618615,707864,9013253,9060951,21675,2.992,54840,7.570,1246105,264338,981767,2.917,13.752,1339609,411731,927878,4.544,14.784,-93504,-1.032,27.505,39026,41044,282780
1996,i) 16 to 20,356477,433892,6164547,6185894,12982,2.931,31037,7.007,791192,178661,612531,2.888,12.790,833357,242797,590560,3.925,13.472,-42165,-0.682,25.581,20992,22359,148664
1996,j) 21 to 25,X,X,X,X,X,X,X,X,X,X,X,X,X,X,X,X,X,X,X,X,X,X,X,X
1996,k) 26+,X,X,X,X,X,X,X,X,X,X,X,X,X,X,X,X,X,X,X,X,X,X,X,X
1996,l) Left Censored,940831,1912400,58753788,58869554,89588,4.639,127551,6.604,6579798,1872660,4707138,3.181,11.177,6811569,1873506,4938063,3.182,11.571,-231771,-0.394,22.354,48590,53924,444051
1997,a) 0,494458,502922,2807715,1403861,502922,199.999,X,X,2807715,2807715,X,200.000,200.000,X,X,X,X,X,2807708,199.999,X,X,X,X
1997,b) 1,375662,385046,2762880,2758013,7661,1.742,117267,26.661,877749,110276,767473,3.998,31.825,857030,498358,358672,18.069,31.074,20719,0.751,62.148,96449,96553,430752
1997,c) 2,322256,333597,2630394,2664555,13822,3.839,66781,18.546,646629,101474,545155,3.808,24.268,714377,377413,336964,14.164,26.810,-67748,-2.543,48.536,55052,55287,324000
1997,d) 3,275027,293656,2668818,2707671,12121,3.893,47588,15.282,567612,92590,475022,3.420,20.963,643108,298674,344434,11.031,23.751,-75496,-2.788,41.926,38964,39134,256785
1997,e) 4,237373,248779,2251061,2287745,10821,4.142,35769,13.691,450417,84664,365753,3.701,19.688,522726,230495,292231,10.075,22.849,-72309,-3.161,39.377,29096,29246,190516
1997,f) 5,209899,222452,2258356,2278543,8792,3.780,29092,12.507,418089,77836,340253,3.416,18.349,456868,194111,262757,8.519,20.051,-38779,-1.702,36.698,22981,23352,160404
1997,g) 6 to 10,890466,971934,10973493,11035260,37430,3.720,105676,10.504,1854777,355821,1498956,3.224,16.808,1979304,751244,1228060,6.808,17.936,-124527,-1.128,33.615,77900,80491,555050
1997,h) 11 to 15,647024,742465,9912262,9878473,24943,3.275,63019,8.276,1596353,339204,1257149,3.434,16.160,1528898,530907,997991,5.374,15.477,67455,0.683,30.954,41845,44295,321270
1997,i) 16 to 20,429761,523228,7865900,7844977,16766,3.132,41073,7.672,1141937,265960,875977,3.390,14.556,1098541,341449,757092,4.352,14.003,43396,0.553,28.006,25133,26941,198662
1997,j) 21 to 25,X,X,X,X,X,X,X,X,X,X,X,X,X,X,X,X,X,X,X,X,X,X,X,X
1997,k) 26+,X,X,X,X,X,X,X,X,X,X,X,X,X,X,X,X,X,X,X,X,X,X,X,X
1997,l) Left Censored,894262,1851231,58966092,58876052,101667,5.412,156097,8.310,7846360,2196047,5650313,3.730,13.327,7646695,2550540,5096155,4.332,12.988,199665,0.339,25.976,46782,53850,475834
1998,a) 0,477230,479642,2783586,1391805,479642,199.998,X,X,2783587,2783586,X,199.998,199.998,X,X,X,X,X,2783564,199.997,X,X,X,X
1998,b) 1,383019,392291,2862725,2837186,939,0.210,111174,24.848,846709,17012,829697,0.600,29.843,786683,439466,347217,15.490,27.728,60026,2.116,55.455,88141,88432,361593
1998,c) 2,323037,332820,2697081,2728678,11357,3.166,63236,17.626,608947,64447,544500,2.362,22.317,669316,319095,350221,11.694,24.529,-60369,-2.212,44.633,50002,50199,261430
1998,d) 3,285832,298086,2572342,2603591,10862,3.437,46838,14.819,537248,70576,466672,2.711,20.635,598651,255758,342893,9.823,22.993,-61403,-2.358,41.270,36414,36662,203277
1998,e) 4,248345,268851,2669074,2674712,9844,3.493,35715,12.674,543430,103157,440273,3.857,20.317,549220,212504,336716,7.945,20.534,-5790,-0.216,40.635,27431,27719,167218
1998,f) 5,216722,228292,2214001,2233533,7984,3.347,28483,11.940,413121,65861,347260,2.949,18.496,449267,171567,277700,7.681,20.115,-36146,-1.618,36.993,21700,22198,138951
1998,g) 6 to 10,880116,952309,10771103,10794601,32008,3.252,95921,9.745,1785004,272877,1512127,2.528,16.536,1831414,640340,1191074,5.932,16.966,-46410,-0.430,33.072,69573,71675,468248
1998,h) 11 to 15,673144,778917,11187031,11162751,24094,3.023,60150,7.548,1696690,392150,1304540,3.513,15.200,1649283,557912,1091371,4.998,14.775,47407,0.425,29.550,39764,41697,291584
1998,i) 16 to 20,428451,516324,7915490,7894569,14628,2.775,36273,6.881,1065194,213232,851962,2.701,13.493,1023395,281110,742285,3.561,12.963,41799,0.529,25.927,22698,24125,156918
1998,j) 21 to 25,77465,100833,1827777,1826548,3278,3.186,7412,7.203,252520,59417,193103,3.253,13.825,248135,68503,179632,3.750,13.585,4385,0.240,27.170,4228,4811,36570
1998,k) 26+,X,X,X,X,X,X,X,X,X,X,X,X,X,X,X,X,X,X,X,X,X,X,X,X
1998,l) Left Censored,860004,1838824,60177712,59875703,107662,5.824,127160,6.879,7442495,2078216,5364279,3.471,12.430,6816992,2008579,4808413,3.355,11.385,625503,1.045,22.770,40517,45693,389200
1999,a) 0,451324,454949,2465760,1232880,454949,200.000,X,X,2465760,2465760,X,200.000,200.000,X,X,X,X,X,2465760,200.000,X,X,X,X
1999,b) 1,368654,372536,2770466,2779161,1935,0.454,109002,25.583,780408,42259,738149,1.521,28.081,790240,444587,345653,15.997,28.434,-9832,-0.354,56.161,85913,85989,366233
1999,c) 2,330370,341129,2782880,2812101,13376,3.647,64744,17.650,657403,99620,557783,3.543,23.378,711945,358765,353180,12.758,25.317,-54542,-1.940,46.755,50626,51171,289957
1999,d) 3,286907,297515,2628801,2658333,12323,3.911,47526,15.082,536380,83437,452943,3.139,20.177,594078,277409,316669,10.435,22.348,-57698,-2.170,40.355,36903,37391,218781
1999,e) 4,258456,271242,2526109,2549931,11285,3.965,38084,13.380,503757,94481,409276,3.705,19.756,549565,242251,307314,9.500,21.552,-45808,-1.796,39.511,28899,29517,192551
1999,f) 5,227405,246320,2591836,2627834,10709,4.162,32735,12.721,476711,87009,389702,3.311,18.141,550656,238854,311802,9.089,20.955,-73945,-2.814,36.282,22721,23341,152114
1999,g) 6 to 10,875003,943793,10597051,10666632,34283,3.515,97142,9.961,1710253,312844,1397409,2.933,16.034,1846905,698234,1148671,6.546,17.315,-136652,-1.281,32.067,70863,73560,506535
1999,h) 11 to 15,686775,796111,11643651,11668859,26483,3.251,63271,7.768,1668171,362832,1305339,3.109,14.296,1716415,552298,1164117,4.733,14.709,-48244,-0.413,28.592,41814,44016,315483
1999,i) 16 to 20,427474,511660,8068243,8084211,15081,2.888,36195,6.931,1072239,253210,819029,3.132,13.263,1106719,327474,779245,4.051,13.690,-34480,-0.427,26.527,23401,24974,182627
1999,j) 21 to 25,150920,199362,3420311,3429798,6917,3.417,13087,6.464,443978,110855,333123,3.232,12.945,466712,140906,325806,4.108,13.608,-22734,-0.663,25.889,8071,8709,69646
1999,k) 26+,X,X,X,X,X,X,X,X,X,X,X,X,X,X,X,X,X,X,X,X,X,X,X,X
1999,l) Left Censored,819632,1811230,60303069,60302102,103939,5.695,131753,7.219,7370576,2187174,5183402,3.627,12.223,7366589,2351978,5014611,3.900,12.216,3987,0.007,24.432,39489,45334,437187
2000,a) 0,446304,451078,2552398,1276206,451078,199.999,X,X,2552396,2552396,X,199.999,199.999,X,X,X,X,X,2552379,199.997,X,X,X,X
2000,b) 1,347084,351458,2586806,2526340,1023,0.254,104057,25.822,806010,24107,781903,0.954,31.904,675621,394529,281092,15.617,26.743,130389,5.161,53.486,81719,81862,320807
2000,c) 2,318670,323543,2811331,2780297,13072,3.757,61793,17.762,680328,83263,597065,2.995,24.470,616870,302421,314449,10.877,22.187,63458,2.282,44.374,48500,48579,248968
2000,d) 3,293165,304589,2816546,2805778,12044,3.730,48584,15.048,613819,81753,532066,2.914,21.877,590930,276111,314819,9.841,21.061,22889,0.816,42.122,37233,37750,221454
2000,e) 4,258473,269679,2655593,2644117,10090,3.558,37902,13.365,539645,91235,448410,3.450,20.409,513551,227765,285786,8.614,19.422,26094,0.987,38.845,28510,29139,173615
2000,f) 5,235239,249277,2532571,2516679,9894,3.803,31607,12.150,498129,72422,425707,2.878,19.793,465435,189489,275946,7.529,18.494,32694,1.299,36.988,23478,23973,144294
2000,g) 6 to 10,876598,948323,11081808,11068648,31870,3.245,99723,10.153,1851510,319580,1531930,2.887,16.728,1822175,685669,1136506,6.195,16.462,29335,0.265,32.925,70989,73548,482918
2000,h) 11 to 15,668434,772892,11716857,11680535,24468,3.086,64229,8.102,1732629,340159,1392470,2.912,14.833,1651101,573792,1077309,4.912,14.135,81528,0.698,28.271,41847,44341,311040
2000,i) 16 to 20,459190,550724,8633518,8617086,15314,2.722,39004,6.933,1209913,278707,931206,3.234,14.041,1174364,395487,778877,4.590,13.628,35549,0.413,27.257,24121,25866,191215
2000,j) 21 to 25,217450,284577,5097318,5049210,8780,3.032,18833,6.503,686908,197229,489679,3.906,13.604,593081,168810,424271,3.343,11.746,93827,1.858,23.492,11580,12694,87291
2000,k) 26+,X,X,X,X,X,X,X,X,X,X,X,X,X,X,X,X,X,X,X,X,X,X,X,X
2000,l) Left Censored,782081,1794819,61096231,60889701,103160,5.716,123206,6.826,7513296,2123930,5389366,3.488,12.339,7119684,2151887,4967797,3.534,11.693,393612,0.646,23.386,37077,42939,403222
2001,a) 0,437114,441470,2463730,1231867,441470,200.000,X,X,2463730,2463730,X,200.000,200.000,X,X,X,X,X,2463726,199.999,X,X,X,X
2001,b) 1,340538,346478,2540394,2542131,1556,0.390,105530,26.484,761329,23791,737538,0.936,29.948,757267,431778,325489,16.985,29.789,4062,0.160,59.577,82190,82385,347772
2001,c) 2,297682,303263,2467554,2511747,12734,3.894,60251,18.424,566423,73085,493338,2.910,22.551,654034,323682,330352,12.887,26.039,-87611,-3.488,45.102,46982,47102,253089
2001,d) 3,281970,288207,2722761,2764198,12853,4.207,47458,15.534,546135,80046,466089,2.896,19.757,629205,285242,343963,10.319,22.763,-83070,-3.005,39.515,36533,36653,225549
2001,e) 4,264935,276509,2654847,2728741,11929,4.107,39876,13.728,492661,84539,408122,3.098,18.055,640194,264430,375764,9.691,23.461,-147533,-5.407,36.109,29851,30378,199198
2001,f) 5,236090,248085,2614346,2638806,10291,3.971,32393,12.500,472586,73646,398940,2.791,17.909,518712,211610,307102,8.019,19.657,-46126,-1.748,35.818,24232,24662,156781
2001,g) 6 to 10,888929,962413,11123298,11312667,37599,3.779,102781,10.330,1717169,329726,1387443,2.915,15.179,2099170,756603,1342567,6.688,18.556,-382001,-3.377,30.358,72186,74772,529231
2001,h) 11 to 15,665962,766535,11329807,11486184,26011,3.309,65113,8.283,1490382,314822,1175560,2.741,12.975,1803932,599886,1204046,5.223,15.705,-313550,-2.730,25.951,42299,44664,347428
2001,i) 16 to 20,478077,573751,9116386,9229436,18196,3.108,41713,7.124,1214869,314088,900781,3.403,13.163,1438968,535045,903923,5.797,15.591,-224099,-2.428,26.326,24871,26857,205916
2001,j) 21 to 25,277571,362513,6483956,6524224,12627,3.422,25660,6.953,815375,234526,580849,3.595,12.498,896963,280339,616624,4.297,13.748,-81588,-1.251,24.995,14523,16416,120692
2001,k) 26+,X,X,X,X,X,X,X,X,X,X,X,X,X,X,X,X,X,X,X,X,X,X,X,X
2001,l) Left Censored,744158,1763317,60245043,60678131,109014,6.127,140675,7.907,7234841,2322203,4912638,3.827,11.923,8093298,2634164,5459134,4.341,13.338,-858457,-1.415,23.847,34608,41909,438039
2002,a) 0,455358,461078,3032007,1516011,461078,199.999,X,X,3032008,3032007,X,199.999,199.999,X,X,X,X,X,3031993,199.998,X,X,X,X
2002,b) 1,331558,339248,2332793,2404284,3952,1.011,106905,27.361,651178,64575,586603,2.686,27.084,789005,426808,362197,17.752,32.817,-137827,-5.733,54.168,80229,80376,336691
2002,c) 2,291069,299701,2340999,2440677,15894,4.916,63056,19.505,531338,104159,427179,4.268,21.770,730250,348117,382133,14.263,29.920,-198912,-8.150,43.540,47033,47294,274873
2002,d) 3,262733,271828,2260958,2358858,15160,5.269,46995,16.332,464184,115441,348743,4.894,19.678,658582,269486,389096,11.424,27.920,-194398,-8.241,39.357,34699,34929,212570
2002,e) 4,253383,264453,2535418,2622661,15940,5.764,40106,14.503,489610,129366,360244,4.933,18.668,664692,256789,407903,9.791,25.344,-175082,-6.676,37.337,29259,29377,194928
2002,f) 5,239952,254292,2458928,2556164,13370,5.035,35833,13.495,452702,110562,342140,4.325,17.710,646542,243560,402982,9.528,25.293,-193840,-7.583,35.420,25288,25586,178376
2002,g) 6 to 10,904602,985924,11085042,11475015,48516,4.765,113058,11.104,1767707,460874,1306833,4.016,15.405,2542250,838233,1704017,7.305,22.155,-774543,-6.750,30.810,75922,77800,561154
2002,h) 11 to 15,647919,740816,10142629,10477291,30617,4.021,71727,9.421,1426513,328601,1097912,3.136,13.615,2102125,697668,1404457,6.659,20.064,-675612,-6.448,27.231,43908,46199,430411
2002,i) 16 to 20,500431,603471,9478057,9742420,22513,3.648,49973,8.097,1268594,330482,938112,3.392,13.021,1796446,552413,1244033,5.670,18.439,-527852,-5.418,26.043,28687,30412,294251
2002,j) 21 to 25,333898,437308,7766203,7977984,17575,3.930,37409,8.365,1028971,306462,722509,3.841,12.898,1457152,475777,981375,5.964,18.265,-428181,-5.367,25.795,19835,21418,236205
2002,k) 26+,X,X,X,X,X,X,X,X,X,X,X,X,X,X,X,X,X,X,X,X,X,X,X,X
2002,l) Left Censored,708685,1734374,58373440,59580848,114610,6.538,151827,8.661,7434462,2483591,4950871,4.168,12.478,9853470,3036182,6817288,5.096,16.538,-2419008,-4.060,24.956,39489,46149,702420
2003,a) 0,467758,470563,2592945,1296475,470563,200.000,X,X,2592945,2592945,X,200.000,200.000,X,X,X,X,X,2592940,199.999,X,X,X,X
2003,b) 1,349893,356860,2957565,2985420,1971,0.482,105699,25.861,710925,33737,677188,1.130,23.813,758943,423999,334944,14.202,25.422,-48018,-1.608,47.626,82143,82353,352461
2003,c) 2,288286,296274,2275483,2298878,15485,4.876,58024,18.273,519005,75501,443504,3.284,22.576,562135,278909,283226,12.132,24.453,-43130,-1.876,45.153,45417,45664,228845
2003,d) 3,259268,268872,2264595,2300737,14529,5.113,45121,15.878,476297,80890,395407,3.516,20.702,547617,250573,297044,10.891,23.802,-71320,-3.100,41.404,34958,35215,200916
2003,e) 4,238131,247775,2224450,2240224,12609,4.855,36483,14.047,452821,68766,384055,3.070,20.213,484027,206824,277203,9.232,21.606,-31206,-1.393,40.426,28063,28245,167883
2003,f) 5,231796,244589,2406367,2467066,12263,4.816,32362,12.709,424902,73767,351135,2.990,17.223,543420,225065,318355,9.123,22.027,-118518,-4.804,34.446,24833,24987,161420
2003,g) 6 to 10,929063,1011481,11271728,11354376,45340,4.341,111530,10.677,1960627,357025,1603602,3.144,17.268,2122301,751520,1370781,6.619,18.691,-161674,-1.424,34.535,80861,82380,536282
2003,h) 11 to 15,638987,722782,9651290,9697157,25852,3.488,62429,8.424,1451619,262042,1189577,2.702,14.970,1544300,490658,1053642,5.060,15.925,-92681,-0.956,29.939,42105,43572,309051
2003,i) 16 to 20,517571,630203,10372178,10419646,21249,3.307,46055,7.167,1358987,245874,1113113,2.360,13.043,1451415,449014,1002401,4.309,13.930,-92428,-0.887,26.085,27749,29238,206406
2003,j) 21 to 25,332156,425966,7496434,7520698,13670,3.150,29704,6.845,962714,213390,749324,2.837,12.801,1010593,297134,713459,3.951,13.437,-47879,-0.637,25.602,17213,18544,128553
2003,k) 26+,59772,84746,1691684,1701030,2669,3.094,5698,6.606,214141,48653,165488,2.860,12.589,231591,62061,169530,3.648,13.615,-17450,-1.026,25.178,2971,3337,26306
2003,l) Left Censored,679824,1699588,57265916,57856300,98340,5.729,132029,7.692,6567301,1961958,4605343,3.391,11.351,7765885,2406441,5359444,4.159,13.423,-1198584,-2.072,22.702,30227,34760,313149
2004,a) 0,505310,508147,2799664,1399838,508147,199.998,X,X,2799665,2799664,X,199.999,199.999,X,X,X,X,X,2799653,199.998,X,X,X,X
2004,b) 1,360497,364025,2621217,2626343,676,0.162,107257,25.702,723377,19156,704221,0.729,27.543,726533,418420,308113,15.932,27.663,-3156,-0.120,55.086,84374,84420,349613
2004,c) 2,304417,311974,2869344,2918320,13132,3.923,58677,17.529,540893,62449,478444,2.140,18.534,637382,308153,329229,10.559,21.841,-96489,-3.306,37.069,46337,46537,257341
2004,d) 3,257330,265863,2234540,2254950,11773,4.185,42630,15.155,437205,54070,383135,2.398,19.389,475214,219177,256037,9.720,21.074,-38009,-1.686,38.777,33016,33479,184201
2004,e) 4,234935,244616,2210422,2234297,11089,4.320,35210,13.718,398833,56706,342127,2.538,17.850,446825,199436,247389,8.926,19.998,-47992,-2.148,35.701,26866,27200,162472
2004,f) 5,216992,226856,2156875,2187994,9671,4.076,30541,12.871,373781,53539,320242,2.447,17.083,437302,180515,256787,8.250,19.986,-63521,-2.903,34.167,23175,23495,147174
2004,g) 6 to 10,939434,1021577,11430297,11568944,41153,3.898,109641,10.384,1771266,280613,1490653,2.426,15.311,2047331,776234,1271097,6.710,17.697,-276065,-2.386,30.621,80292,82632,561093
2004,h) 11 to 15,636116,713048,9490912,9523139,22291,3.048,58748,8.034,1313446,218040,1095406,2.290,13.792,1377507,434781,942726,4.566,14.465,-64061,-0.673,27.584,41288,42249,282929
2004,i) 16 to 20,528127,646105,10624866,10726825,18664,2.832,44426,6.742,1277759,232877,1044882,2.171,11.912,1494621,453439,1041182,4.227,13.933,-216862,-2.022,23.824,28039,29376,210684
2004,j) 21 to 25,332997,419990,7556771,7596880,11365,2.658,26539,6.207,826423,147235,679188,1.938,10.878,907579,249659,657920,3.286,11.947,-81156,-1.068,21.757,16732,18346,134067
2004,k) 26+,117418,168435,3225203,3219617,4880,2.854,9937,5.812,378582,99616,278966,3.094,11.759,367983,99539,268444,3.092,11.429,10599,0.329,22.859,5903,6179,41983
2004,l) Left Censored,651981,1676928,56933403,57116822,97143,5.755,119277,7.066,6415553,1824221,4591332,3.194,11.232,6803502,2208489,4595013,3.867,11.912,-387949,-0.679,22.465,28419,32593,321039
2005,a) 0,519120,524453,2940433,1470225,524453,199.999,X,X,2940434,2940433,X,199.999,199.999,X,X,X,X,X,2940417,199.998,X,X,X,X
2005,b) 1,388575,392685,2764879,2774412,1427,0.317,116623,25.900,772300,38897,733403,1.402,27.837,783116,438937,344179,15.821,28.226,-10816,-0.390,55.673,90492,90522,361726
2005,c) 2,310449,315050,2472636,2533698,13374,3.939,62309,18.352,537358,71123,466235,2.807,21.208,657005,322613,334392,12.733,25.931,-119647,-4.722,42.417,49454,49602,276269
2005,d) 3,270963,279441,2728582,2785324,12017,4.065,44435,15.030,465585,76616,388969,2.751,16.716,579358,242516,336842,8.707,20.800,-113773,-4.085,33.431,34605,34839,204062
2005,e) 4,232640,241868,2167103,2196659,10857,4.276,34954,13.766,394130,58022,336108,2.641,17.942,452772,179310,273462,8.163,20.612,-58642,-2.670,35.884,26754,27055,146320
2005,f) 5,214494,224824,2147404,2179136,9857,4.198,29810,12.696,368046,66907,301139,3.070,16.890,431886,168548,263338,7.735,19.819,-63840,-2.930,33.779,22617,22960,134180
2005,g) 6 to 10,926592,1002027,11022308,11190430,41354,3.992,108986,10.521,1692095,316347,1375748,2.827,15.121,2027271,702644,1324627,6.279,18.116,-335176,-2.995,30.242,80393,82094,530943
2005,h) 11 to 15,637586,720293,9397571,9519408,24297,3.290,60808,8.233,1299585,262423,1037162,2.757,13.652,1536596,436215,1100381,4.582,16.142,-237011,-2.490,27.304,42997,44343,290923
2005,i) 16 to 20,509859,626570,10341158,10445460,20012,3.130,45746,7.154,1215666,240636,975030,2.304,11.638,1423422,399380,1024042,3.823,13.627,-207756,-1.989,23.276,28939,30546,214714
2005,j) 21 to 25,362882,459414,7938532,8005617,12219,2.616,27430,5.873,883394,191487,691907,2.392,11.035,1021525,272585,748940,3.405,12.760,-138131,-1.725,22.069,17740,18853,155200
2005,k) 26+,169662,240518,4810478,4808417,8407,3.449,14881,6.105,559107,130457,428650,2.713,11.628,559398,136643,422755,2.842,11.634,-291,-0.006,23.255,8745,9737,64511
2005,l) Left Censored,624375,1649810,56705547,56919184,91318,5.496,114939,6.917,5900169,1747242,4152927,3.070,10.366,6318426,1880639,4437787,3.304,11.101,-418257,-0.735,20.732,27874,31336,276972
2006,a) 0,541739,544083,2953946,1476977,544083,199.999,X,X,2953947,2953946,X,200.000,200.000,X,X,X,X,X,2953940,199.999,X,X,X,X
2006,b) 1,399608,407765,2976886,2954104,3212,0.690,119316,25.614,834489,54271,780218,1.837,28.248,780028,434610,345418,14.712,26.405,54461,1.844,52.810,96115,96357,369018
2006,c) 2,336809,343090,2721479,2737177,17913,4.871,67225,18.280,604902,88111,516791,3.219,22.099,634331,311963,322368,11.397,23.175,-29429,-1.075,44.199,54751,54864,266765
2006,d) 3,275391,282158,2432673,2437177,14316,4.796,46995,15.744,509850,95520,414330,3.919,20.920,517228,233037,284191,9.562,21.222,-7378,-0.303,41.839,37846,37930,197391
2006,e) 4,245699,256820,2715086,2719251,13531,5.046,36229,13.510,474569,86511,388058,3.181,17.452,483519,198055,285464,7.283,17.781,-8950,-0.329,34.904,28411,28626,163321
2006,f) 5,212620,223277,2185155,2169489,11034,4.744,29673,12.757,401925,71754,330171,3.307,18.526,371078,151800,219278,6.997,17.104,30847,1.422,34.209,23018,23302,124238
2006,g) 6 to 10,908032,983203,11080889,11062936,48248,4.760,108919,10.746,1828235,384353,1443882,3.474,16.526,1793265,661461,1131804,5.979,16.210,34970,0.316,32.419,81668,83049,512233
2006,h) 11 to 15,642500,734429,9756301,9761458,30014,3.991,65306,8.683,1413847,289272,1124575,2.963,14.484,1420196,451528,968668,4.626,14.549,-6349,-0.065,28.968,46780,48073,299176
2006,i) 16 to 20,506386,626059,10430613,10399654,26476,4.162,46727,7.345,1358637,331236,1027401,3.185,13.064,1297444,362417,935027,3.485,12.476,61193,0.588,24.952,31220,32601,213142
2006,j) 21 to 25,376975,483115,8476543,8448837,17727,3.615,32224,6.571,1041235,271834,769401,3.217,12.324,983462,273817,709645,3.241,11.640,57773,0.684,23.280,20227,21392,132507
2006,k) 26+,216545,308646,6251725,6194956,13399,4.291,20691,6.626,820255,287274,532981,4.637,13.241,708258,215509,492749,3.479,11.433,111997,1.808,22.866,12021,12771,82900
2006,l) Left Censored,594086,1648587,57292638,57071020,105494,6.395,107536,6.519,6474939,1925464,4549475,3.374,11.345,6050935,1718954,4331981,3.012,10.602,424004,0.743,21.205,28643,32174,262455
2007,a) 0,509920,514832,2696996,1348574,514832,199.998,X,X,2697008,2696996,X,199.989,199.990,X,X,X,X,X,2696868,199.979,X,X,X,X
2007,b) 1,411313,417399,2772513,2847059,4292,0.894,129622,27.001,752581,61858,690723,2.173,26.434,892218,475581,416637,16.704,31.338,-139637,-4.905,52.867,104036,104110,392385
2007,c) 2,342442,352496,2709837,2824617,15681,4.130,70093,18.460,547743,82734,465009,2.929,19.392,775445,355783,419662,12.596,27.453,-227702,-8.061,38.784,57411,57525,304923
2007,d) 3,296763,305055,2542097,2619635,14131,4.365,51433,15.889,476470,80250,396220,3.063,18.188,631680,288878,342802,11.027,24.113,-155210,-5.925,36.377,41786,41897,246309
2007,e) 4,247755,257059,2303986,2366532,12229,4.534,37490,13.901,399568,71113,328455,3.005,16.884,523572,210942,312630,8.914,22.124,-124004,-5.240,33.768,30037,30189,177604
2007,f) 5,224472,236967,2577587,2636925,10938,4.435,30283,12.278,386765,72371,314394,2.745,14.667,504142,192952,311190,7.317,19.119,-117377,-4.451,29.335,23255,23537,148796
2007,g) 6 to 10,888364,962348,10697010,10848488,43167,4.344,105738,10.642,1608318,310594,1297724,2.863,14.825,1909237,660444,1248793,6.088,17.599,-300919,-2.774,29.651,77304,78943,488157
2007,h) 11 to 15,652765,750519,10019929,10141725,30075,3.911,67185,8.736,1345033,284704,1060329,2.807,13.262,1587700,476328,1111372,4.697,15.655,-242667,-2.393,26.525,45586,46953,301506
2007,i) 16 to 20,493768,603411,9688464,9779114,21266,3.442,50279,8.137,1259821,252717,1007104,2.584,12.883,1446170,420624,1025546,4.301,14.788,-186349,-1.906,25.766,29275,30421,202992
2007,j) 21 to 25,395128,506770,9169755,9251980,17742,3.442,35111,6.812,1129990,258768,871222,2.797,12.213,1298355,386434,911921,4.177,14.033,-168365,-1.820,24.427,19718,20719,167291
2007,k) 26+,262763,379356,7733169,7777694,16036,4.171,26233,6.823,927059,247220,679839,3.179,11.919,1014174,267176,746998,3.435,13.040,-87115,-1.120,23.839,13736,14700,97761
2007,l) Left Censored,567724,1632622,56878540,57119912,107754,6.566,124579,7.591,6764412,1941398,4823014,3.399,11.842,7247966,2161725,5086241,3.785,12.689,-483554,-0.847,23.685,25321,28331,271686
2008,a) 0,471836,477355,2532002,1266077,477355,200.000,X,X,2532011,2532002,X,199.988,199.989,X,X,X,X,X,2531869,199.978,X,X,X,X
2008,b) 1,382803,389083,2549590,2620493,1821,0.403,127048,28.127,660959,23403,637556,0.893,25.223,793129,436642,356487,16.663,30.266,-132170,-5.044,50.445,101193,101339,365825
2008,c) 2,339951,347793,2516011,2639896,12165,3.181,81444,21.296,499158,63574,435584,2.408,18.908,747340,365297,382043,13.838,28.309,-248182,-9.401,37.816,65118,65262,308033
2008,d) 3,293943,305063,2530545,2613014,9828,2.991,56913,17.320,448466,65471,382995,2.506,17.163,613589,278321,335268,10.651,23.482,-165123,-6.319,34.326,45887,45982,234209
2008,e) 4,260033,269488,2386787,2457816,9497,3.307,44870,15.625,392859,56243,336616,2.288,15.984,535005,228835,306170,9.311,21.768,-142146,-5.783,31.968,35794,35971,192687
2008,f) 5,220994,231544,2149036,2224674,8569,3.507,34190,13.992,336039,57246,278793,2.573,15.105,488073,204909,283164,9.211,21.939,-152034,-6.834,30.210,26571,26684,163277
2008,g) 6 to 10,866142,938218,10638899,10848610,33392,3.420,109968,11.261,1501078,252666,1248412,2.329,13.837,1920365,676565,1243800,6.236,17.701,-419287,-3.865,27.673,81462,82871,513091
2008,h) 11 to 15,661680,759526,10076626,10253705,23452,2.991,72612,9.260,1296024,248837,1047187,2.427,12.640,1650995,502960,1148035,4.905,16.101,-354971,-3.462,25.279,48595,50463,325438
2008,i) 16 to 20,481170,577084,9026730,9119555,16594,2.801,47174,7.964,1133722,205909,927813,2.258,12.432,1324801,408588,916213,4.480,14.527,-191079,-2.095,24.864,29621,30854,206050
2008,j) 21 to 25,404528,524776,9920863,9983277,14668,2.734,38057,7.094,1144487,246573,897914,2.470,11.464,1273234,357538,915696,3.581,12.754,-128747,-1.290,22.928,21403,22516,158685
2008,k) 26+,306335,440912,8976657,9027565,14435,3.217,29982,6.682,1053105,257992,795113,2.858,11.665,1154927,319369,835558,3.538,12.793,-101822,-1.128,23.331,16361,17508,128431
2008,l) Left Censored,542818,1615010,56274095,56586051,89593,5.514,109062,6.713,5983878,1616990,4366888,2.858,10.575,6624483,1810155,4814328,3.199,11.707,-640605,-1.132,21.150,23803,26975,266002
2009,a) 0,395776,401284,2200271,1100146,401284,199.999,X,X,2200273,2200271,X,199.998,199.998,X,X,X,X,X,2200253,199.996,X,X,X,X
2009,b) 1,351857,358462,2266456,2413650,1442,0.343,124437,29.631,543080,24567,518513,1.018,22.500,827975,443536,384439,18.376,34.304,-284895,-11.803,45.001,97240,97414,365965
2009,c) 2,312623,319480,2220760,2389667,13664,3.856,83446,23.548,401986,57134,344852,2.391,16.822,737635,346884,390751,14.516,30.868,-335649,-14.046,33.644,65130,65487,292181
2009,d) 3,291039,299463,2217074,2373417,13119,4.037,64196,19.753,347801,52007,295794,2.191,14.654,660451,284682,375769,11.995,27.827,-312650,-13.173,29.308,49338,49688,236607
2009,e) 4,256437,268099,2241591,2388575,10413,3.621,49435,17.188,322786,51008,271778,2.135,13.514,615185,249032,366153,10.426,25.755,-292399,-12.242,27.028,37695,38158,204714
2009,f) 5,229567,239660,2111151,2251994,9195,3.602,40391,15.824,276732,43975,232757,1.953,12.288,557850,206790,351060,9.183,24.771,-281118,-12.483,24.577,30317,30663,170323
2009,g) 6 to 10,843975,910389,9634587,10163460,31516,3.301,120116,12.582,1114234,202296,911938,1.990,10.963,2176093,712912,1463181,7.014,21.411,-1061859,-10.448,21.926,85985,87758,545073
2009,h) 11 to 15,658029,757600,9596602,10046705,23723,3.027,76205,9.722,1004785,209416,795369,2.084,10.001,1902644,496391,1406253,4.941,18.938,-897859,-8.937,20.002,51382,53054,348117
2009,i) 16 to 20,472309,562092,8018581,8386854,16068,2.781,47248,8.179,784999,183670,601329,2.190,9.360,1524612,364947,1159665,4.351,18.179,-739613,-8.819,18.720,30782,31894,219263
2009,j) 21 to 25,407430,531849,9641265,10026828,14402,2.648,38631,7.102,875728,244088,631640,2.434,8.734,1646772,402243,1244529,4.012,16.424,-771044,-7.690,17.468,22474,24170,199611
2009,k) 26+,350521,506323,9897256,10255963,14536,2.819,33231,6.444,864262,232607,631655,2.268,8.427,1584938,353429,1231509,3.446,15.454,-720676,-7.027,16.854,18854,19607,159539
2009,l) Left Censored,520729,1585857,53646089,54986191,84202,5.258,115351,7.203,4662468,1471546,3190922,2.676,8.479,7355976,1733303,5622673,3.152,13.378,-2693508,-4.899,16.959,22289,26543,318301
2010,a) 0,379685,388382,2255692,1127846,388382,200.000,X,X,2255692,2255692,X,200.000,200.000,X,X,X,X,X,2255692,200.000,X,X,X,X
2010,b) 1,300088,306693,2046305,2117177,1383,0.391,96096,27.142,491196,20462,470734,0.966,23.201,625942,335353,290589,15.840,29.565,-134746,-6.364,46.401,73154,73254,274953
2010,c) 2,296895,304304,2091078,2169616,15286,4.614,69294,20.915,404287,69010,335277,3.181,18.634,560277,280803,279474,12.943,25.824,-155990,-7.190,37.268,53314,53566,230485
2010,d) 3,272437,280066,2068992,2147798,15053,5.021,54482,18.174,343306,63372,279934,2.951,15.984,500730,234497,266233,10.918,23.314,-157424,-7.330,31.968,41238,41569,195434
2010,e) 4,258671,267779,2060376,2137897,14333,5.050,46369,16.339,323497,62667,260830,2.931,15.132,479565,206811,272754,9.674,22.432,-156068,-7.300,30.263,34327,34793,167806
2010,f) 5,230394,242611,2095883,2170748,11396,4.460,37218,14.565,305495,55306,250189,2.548,14.073,456961,185201,271760,8.532,21.051,-151466,-6.978,28.147,27420,27828,147478
2010,g) 6 to 10,855324,919216,9459400,9730085,39629,4.149,111644,11.688,1197706,245691,952015,2.525,12.309,1738353,567072,1171281,5.828,17.866,-540647,-5.556,24.619,78528,80445,430712
2010,h) 11 to 15,644764,737992,9036724,9264395,27263,3.589,70334,9.260,1014814,215962,798852,2.331,10.954,1470122,418615,1051507,4.519,15.869,-455308,-4.915,21.908,45994,47395,275137
2010,i) 16 to 20,470899,563462,7725479,7939809,17877,3.098,44875,7.778,791325,174019,617306,2.192,9.967,1222863,334506,888357,4.213,15.402,-431538,-5.435,19.933,28081,29429,179057
2010,j) 21 to 25,389881,510643,9081195,9280454,16616,3.195,35332,6.795,841669,193243,648426,2.082,9.069,1243395,301044,942351,3.244,13.398,-401726,-4.329,18.139,20127,21084,125070
2010,k) 26+,418254,598886,11591457,11733731,18618,3.063,36455,5.998,1140407,273545,866862,2.331,9.719,1419511,345788,1073723,2.947,12.098,-279104,-2.379,19.438,19089,20664,140085
2010,l) Left Censored,501521,1552023,51797374,52700085,71083,4.530,105104,6.699,4310839,1132660,3178179,2.149,8.180,6096534,1522137,4574397,2.888,11.568,-1785695,-3.388,16.360,19248,23078,245641
2011,a) 0,396299,398728,2096475,1048238,398728,200.000,X,X,2096475,2096475,X,200.000,200.000,X,X,X,X,X,2096475,200.000,X,X,X,X
2011,b) 1,288257,297859,2167509,2218647,1618,0.472,91334,26.650,540559,27504,513055,1.240,24.364,638040,328887,309153,14.824,28.758,-97481,-4.394,48.729,69960,70100,266026
2011,c) 2,258518,266315,1979514,2001658,13763,4.806,53839,18.802,407937,65373,342564,3.266,20.380,452621,222056,230565,11.094,22.612,-44684,-2.232,40.760,41827,42056,183556
2011,d) 3,262697,271185,2025678,2051749,14914,5.184,47945,16.665,372204,64530,307674,3.145,18.141,423431,206067,217364,10.043,20.638,-51227,-2.497,36.282,36805,37002,167681
2011,e) 4,245113,253677,2006900,2035641,14324,5.369,40502,15.183,335444,62227,273217,3.057,16.479,390951,175113,215838,8.602,19.205,-55507,-2.727,32.957,30577,30863,141532
2011,f) 5,234402,244224,2003291,2028439,13373,5.225,36814,14.384,320310,55699,264611,2.746,15.791,369637,159913,209724,7.884,18.223,-49327,-2.432,31.582,27226,27497,126904
2011,g) 6 to 10,873377,937329,9555331,9648675,42588,4.387,109489,11.278,1346694,232323,1114371,2.408,13.957,1529781,572001,957780,5.928,15.855,-183087,-1.898,27.915,78507,79950,420809
2011,h) 11 to 15,629241,718057,8999264,9055087,28786,3.906,66659,9.045,1115906,194552,921354,2.149,12.324,1225978,399330,826648,4.410,13.539,-110072,-1.216,24.647,44191,45525,256287
2011,i) 16 to 20,472712,568325,7928472,7971073,19132,3.292,44656,7.685,899922,162869,737053,2.043,11.290,985744,285392,700352,3.580,12.367,-85822,-1.077,22.580,28624,29902,183136
2011,j) 21 to 25,386248,508181,8990973,8974222,15771,3.046,34949,6.750,1004088,176286,827802,1.964,11.189,969389,289704,679685,3.228,10.802,34699,0.387,21.604,20789,22002,129252
2011,k) 26+,467449,672973,13099283,13147327,21119,3.089,42726,6.249,1287504,248523,1038981,1.890,9.793,1387837,363746,1024091,2.767,10.556,-100333,-0.763,19.586,22797,26946,163817
2011,l) Left Censored,481546,1531656,52026676,51923056,75809,4.920,94027,6.103,5016658,1175742,3840916,2.264,9.662,4801246,1239847,3561399,2.388,9.247,215412,0.415,18.494,19415,21912,174182
2012,a) 0,409166,413827,2256138,1128069,413827,200.000,X,X,2256138,2256138,X,200.000,200.000,X,X,X,X,X,2256138,200.000,X,X,X,X
2012,b) 1,308213,313123,2075473,2075880,2793,0.786,87460,24.605,569883,38835,531048,1.871,27.453,566104,314116,251988,15.132,27.271,3779,0.182,54.541,67039,67137,256224
2012,c) 2,251034,261268,2158134,2154196,12645,4.529,48520,17.378,442875,61339,381536,2.847,20.559,434745,217188,217557,10.082,20.181,8130,0.377,40.363,37728,37875,175666
2012,d) 3,232368,240849,1962066,1959831,12063,4.764,36782,14.526,376836,53880,322956,2.749,19.228,372319,183323,188996,9.354,18.998,4517,0.230,37.995,28693,28789,146851
2012,e) 4,239969,249507,2012734,2006631,13263,5.099,34514,13.268,375650,66961,308689,3.337,18.720,364385,173910,190475,8.667,18.159,11265,0.561,36.318,26194,26316,139986
2012,f) 5,226033,235192,1996485,1996790,12395,5.073,30675,12.555,341980,51200,290780,2.564,17.126,342898,154330,188568,7.729,17.172,-918,-0.046,34.253,22909,23125,127409
2012,g) 6 to 10,907020,968188,9823933,9824790,44788,4.488,104428,10.464,1445507,227234,1218273,2.313,14.713,1444734,587689,857045,5.982,14.705,773,0.008,29.410,73068,74709,446120
2012,h) 11 to 15,620777,702506,8853819,8851765,27547,3.831,60741,8.447,1121400,174288,947112,1.969,12.669,1113890,369897,743993,4.179,12.584,7510,0.085,25.168,39022,40315,239573
2012,i) 16 to 20,483667,580376,8340439,8327019,19911,3.363,43337,7.319,1020394,172194,848200,2.068,12.254,992010,326282,665728,3.918,11.913,28384,0.341,23.826,26386,27655,190884
2012,j) 21 to 25,379185,488879,8395004,8409936,15296,3.071,33727,6.771,943885,161542,782343,1.921,11.223,972534,286839,685695,3.411,11.564,-28649,-0.341,22.447,18654,19752,127892
2012,k) 26+,520425,746421,15164106,15127391,22542,2.971,47294,6.233,1620026,298911,1321115,1.976,10.709,1540534,402975,1137559,2.664,10.184,79492,0.525,20.367,23471,25124,161787
2012,l) Left Censored,464818,1513431,52315162,52261604,73283,4.805,96951,6.356,5243666,1143446,4100220,2.188,10.033,5135925,1377248,3758677,2.635,9.827,107741,0.206,19.655,16960,21657,193210
2013,a) 0,406028,409034,2145196,1072607,409034,200.000,X,X,2145198,2145196,X,199.998,199.999,X,X,X,X,X,2145182,199.997,X,X,X,X
2013,b) 1,318654,324399,2240574,2244083,1595,0.432,90680,24.578,562857,21314,541543,0.950,25.082,561987,319115,242872,14.220,25.043,870,0.039,50.086,69065,69164,259001
2013,c) 2,268116,273718,2064948,2063966,12179,4.152,51453,17.539,443909,60042,383867,2.909,21.508,440413,222463,217950,10.778,21.338,3496,0.169,42.676,40198,40344,184614
2013,d) 3,224821,235609,2134270,2143266,10658,4.290,36259,14.596,374911,54482,320429,2.542,17.493,392712,178309,214403,8.320,18.323,-17801,-0.831,34.985,27944,28098,144710
2013,e) 4,211615,220909,1940296,1952911,9916,4.295,29895,12.947,315898,43162,272736,2.210,16.176,339619,156374,183245,8.007,17.390,-23721,-1.215,32.352,22834,22975,127157
2013,f) 5,221180,231381,1969974,1979653,10814,4.497,28959,12.043,315948,47747,268201,2.412,15.960,335512,146520,188992,7.401,16.948,-19564,-0.988,31.920,21719,21827,115535
2013,g) 6 to 10,918397,976580,9655085,9702896,43817,4.355,102861,10.224,1361310,233341,1127969,2.405,14.030,1455380,552087,903293,5.690,14.999,-94070,-0.970,28.060,73777,74669,414127
2013,h) 11 to 15,618283,697827,9004285,9035135,25827,3.617,58420,8.181,1130939,195906,935033,2.168,12.517,1196175,416300,779875,4.608,13.239,-65236,-0.722,25.034,38748,39736,266969
2013,i) 16 to 20,495656,594930,8613823,8619791,19511,3.215,43225,7.124,994070,206230,787840,2.393,11.532,1002034,303653,698381,3.523,11.625,-7964,-0.092,23.065,27449,28296,184782
2013,j) 21 to 25,372682,470824,7912302,7893974,15223,3.177,32046,6.687,956192,197902,758290,2.507,12.113,918748,291365,627383,3.691,11.639,37444,0.474,23.277,18843,19536,130322
2013,k) 26+,565309,821915,17298558,17259286,24829,2.975,50033,5.995,1836506,349096,1487410,2.023,10.641,1761103,512949,1248154,2.972,10.204,75403,0.437,20.408,26879,28298,202323
2013,l) Left Censored,446783,1496335,52622968,52533988,77725,5.163,95997,6.377,5105527,1347113,3758414,2.564,9.719,4933711,1369653,3564058,2.607,9.391,171816,0.327,18.783,17458,19752,187896
2014,a) 0,412783,418369,2285679,1142840,418369,200.000,X,X,2285679,2285679,X,200.000,200.000,X,X,X,X,X,2285679,200.000,X,X,X,X
2014,b) 1,316419,320544,2153785,2159106,1260,0.346,89512,24.546,574455,23575,550880,1.092,26.606,577933,318283,259650,14.741,26.767,-3478,-0.161,53.212,68099,68194,260148
2014,c) 2,277363,284139,2252933,2244579,12567,4.129,53013,17.418,458292,55924,402368,2.492,20.418,440281,226511,213770,10.091,19.615,18011,0.802,39.231,41237,41483,181526
2014,d) 3,239690,246027,2051758,2058817,10529,4.051,38357,14.756,367033,46497,320536,2.258,17.827,381013,181518,199495,8.817,18.506,-13980,-0.679,35.655,29842,30101,151245
2014,e) 4,204407,216074,2129801,2128445,9604,4.254,28954,12.826,360530,54192,306338,2.546,16.939,356404,156710,199694,7.363,16.745,4126,0.194,33.490,22205,22506,121121
2014,f) 5,194502,205044,1940232,1939291,9200,4.321,24985,11.734,309694,46391,263303,2.392,15.969,306496,127449,179047,6.572,15.805,3198,0.165,31.609,18888,19141,101719
2014,g) 6 to 10,928753,987780,9848566,9839105,42060,4.135,100715,9.902,1406657,233933,1172724,2.378,14.297,1386798,531979,854819,5.407,14.095,19859,0.202,28.190,72962,74110,407017
2014,h) 11 to 15,618827,695381,8884568,8900140,25801,3.633,55362,7.796,1060470,186673,873797,2.097,11.915,1090504,355599,734905,3.995,12.253,-30034,-0.337,23.830,37959,39026,261807
2014,i) 16 to 20,503393,608091,9047823,9005519,21508,3.477,42590,6.885,1067599,214631,852968,2.383,11.855,980116,283811,696305,3.152,10.884,87483,0.971,21.767,27264,28403,168480
2014,j) 21 to 25,370630,462989,7644437,7660604,13496,2.867,29063,6.173,870770,184209,686561,2.405,11.367,911944,296531,615413,3.871,11.904,-41174,-0.537,22.734,18553,19232,122574
2014,k) 26+,607212,894360,19189199,19118152,29849,3.298,51099,5.646,2011001,462244,1548757,2.418,10.519,1861731,513525,1348206,2.686,9.738,149270,0.781,19.476,28872,30317,193084
2014,l) Left Censored,430530,1487424,52696002,52647802,78434,5.257,87534,5.867,4835579,1281097,3554482,2.433,9.185,4746962,1304439,3442523,2.478,9.016,88617,0.168,18.033,16473,18348,158511
2015,a) 0,422014,426901,2315689,1157845,426901,200.000,X,X,2315688,2315688,X,200.000,200.000,X,X,X,X,X,2315685,200.000,X,X,X,X
2015,b) 1,324913,331853,2310843,2289058,1715,0.457,87910,23.446,599022,29129,569893,1.273,26.169,549280,304010,245270,13.281,23.996,49742,2.173,47.992,66796,66910,247782
2015,c) 2,277186,282750,2137578,2139507,13170,4.365,51137,16.948,442792,60811,381981,2.842,20.696,445675,233666,212009,10.921,20.831,-2883,-0.135,41.392,39688,39755,194807
2015,d) 3,249287,257023,2251936,2250874,11838,4.375,38903,14.379,413728,67372,346356,2.993,18.381,412191,206621,205570,9.180,18.312,1537,0.068,36.625,30144,30383,172951
2015,e) 4,218551,225548,2046738,2046226,9766,4.142,30250,12.829,356827,53942,302885,2.636,17.438,356755,161753,195002,7.905,17.435,72,0.004,34.870,23386,23655,135574
2015,f) 5,188042,200715,2144403,2145488,8783,4.214,24159,11.592,337076,57342,279734,2.673,15.711,339312,146182,193130,6.813,15.815,-2236,-0.104,31.422,18233,18493,113503
2015,g) 6 to 10,903055,962938,9868456,9865137,40663,4.103,97074,9.794,1390905,243505,1147400,2.468,14.099,1382329,533783,848546,5.411,14.012,8576,0.087,28.025,71021,72354,424743
2015,h) 11 to 15,636294,714202,9239862,9213688,26675,3.659,56518,7.751,1120236,200843,919393,2.180,12.158,1067787,361849,705938,3.927,11.589,52449,0.569,23.178,39338,40389,259101
2015,i) 16 to 20,499761,602335,8985971,8932713,21637,3.531,42450,6.928,1093973,227518,866455,2.547,12.247,982184,298755,683429,3.345,10.995,111789,1.251,21.991,27566,28571,181364
2015,j) 21 to 25,371091,469840,7773114,7779126,14456,3.027,29871,6.255,791185,142470,648715,1.831,10.171,803123,212375,590748,2.730,10.324,-11938,-0.153,20.341,19305,20098,124476
2015,k) 26+,646826,968655,21121863,21064159,31295,3.191,55668,5.676,2141612,494109,1647503,2.346,10.167,2019232,540919,1478313,2.568,9.586,122380,0.581,19.172,31922,33890,214294
2015,l) Left Censored,414096,1468538,53034393,52799406,82880,5.627,91416,6.207,5306254,1506228,3800026,2.853,10.050,4832416,1298760,3533656,2.460,9.152,473838,0.897,18.305,16284,18942,167131
2016,a) 0,443293,446887,2333286,1166644,446887,200.000,X,X,2333286,2333286,X,200.000,200.000,X,X,X,X,X,2333284,200.000,X,X,X,X
2016,b) 1,331340,337585,2327564,2314880,1746,0.457,90548,23.705,599380,28227,571153,1.219,25.892,566299,310365,255934,13.407,24.463,33081,1.429,48.927,68894,68972,254000
2016,c) 2,285679,294239,2311460,2308832,13646,4.360,51200,16.357,475931,70715,405216,3.063,20.613,469131,222255,246876,9.626,20.319,6800,0.295,40.638,39847,39964,183641
2016,d) 3,249286,256020,2099383,2112948,11496,4.267,38248,14.198,372477,57996,314481,2.745,17.628,399044,189278,209766,8.958,18.886,-26567,-1.257,35.257,29919,29974,160354
2016,e) 4,227791,236945,2256266,2248826,10880,4.405,30923,12.521,390169,75860,314309,3.373,17.350,375414,164245,211169,7.304,16.694,14755,0.656,33.388,23795,23945,134935
2016,f) 5,201100,209283,2044017,2048972,9012,4.145,25314,11.642,325620,59363,266257,2.897,15.892,335056,136633,198423,6.668,16.352,-9436,-0.461,31.784,19479,19691,114525
2016,g) 6 to 10,869173,932884,9913345,9928441,39151,4.081,92071,9.597,1404194,257559,1146635,2.594,14.143,1432976,534214,898762,5.381,14.433,-28782,-0.290,28.286,67368,68494,410384
2016,h) 11 to 15,657444,734633,9446052,9484972,25979,3.461,57945,7.720,1132954,196185,936769,2.068,11.945,1208660,395070,813590,4.165,12.743,-75706,-0.798,23.889,40307,41292,291418
2016,i) 16 to 20,492892,591873,8980334,8967234,20402,3.389,40742,6.767,1015923,201643,814280,2.249,11.329,984975,274775,710200,3.064,10.984,30948,0.345,21.968,26972,28104,178028
2016,j) 21 to 25,375457,479782,7980486,8045310,15604,3.203,30450,6.250,884643,192159,692484,2.388,10.996,1015009,313854,701155,3.901,12.616,-130366,-1.620,21.992,19468,20433,137811
2016,k) 26+,684824,1039336,22813684,22738594,34103,3.245,57083,5.432,2349370,551029,1798341,2.423,10.332,2198274,603209,1595065,2.653,9.668,151096,0.664,19.335,34192,36100,249643
2016,l) Left Censored,398409,1477006,53241023,53128398,81787,5.557,71193,4.837,4771711,1239554,3532157,2.333,8.981,4553771,1152126,3401645,2.169,8.571,217940,0.410,17.143,15599,18766,201858
2017,a) 0,440723,445451,2324015,1162033,445451,199.999,X,X,2324013,2324013,X,199.995,199.995,X,X,X,X,X,2323959,199.991,X,X,X,X
2017,b) 1,346936,353169,2349362,2331785,2852,0.714,95778,23.967,636795,49337,587458,2.116,27.309,593798,330215,263583,14.161,25.465,42997,1.844,50.931,72819,72904,267399
2017,c) 2,290363,297576,2330016,2322429,12809,4.036,52380,16.505,481524,58339,423185,2.512,20.734,463770,236046,227724,10.164,19.969,17754,0.764,39.938,40373,40495,194168
2017,d) 3,256311,265746,2268904,2275048,11520,4.119,39439,14.100,427722,58375,369347,2.566,18.801,437065,213387,223678,9.379,19.211,-9343,-0.411,37.601,30422,30555,165455
2017,e) 4,226699,234065,2048596,2067322,9730,3.974,31239,12.760,337756,49928,287828,2.415,16.338,374728,177763,196965,8.599,18.126,-36972,-1.788,32.676,23974,24048,143509
2017,f) 5,208582,218781,2236902,2236176,9313,4.090,27199,11.944,389447,56038,333409,2.506,17.416,390547,174490,216057,7.803,17.465,-1100,-0.049,34.832,20395,20754,141716
2017,g) 6 to 10,838525,901787,9824385,9885379,33558,3.607,90910,9.770,1376593,227069,1149524,2.297,13.926,1494934,571884,923050,5.785,15.123,-118341,-1.197,27.851,65557,66944,421101
2017,h) 11 to 15,681033,758553,9621189,9674850,26640,3.429,63407,8.161,1247951,235666,1012285,2.436,12.899,1354788,458541,896247,4.740,14.003,-106837,-1.104,25.798,42528,43928,307700
2017,i) 16 to 20,482801,580797,8819249,8836653,19891,3.359,42487,7.176,1073213,216246,856967,2.447,12.145,1110291,345300,764991,3.908,12.565,-37078,-0.420,24.290,27395,28418,198267
2017,j) 21 to 25,381534,490305,8542985,8504442,14820,2.968,33010,6.610,1050031,223907,826124,2.633,12.347,962665,286451,676214,3.368,11.320,87366,1.027,22.639,20334,21317,150791
2017,k) 26+,715565,1088478,24071240,24060377,35654,3.224,70393,6.366,2645565,599287,2046278,2.491,10.996,2625530,793238,1832292,3.297,10.912,20035,0.083,21.825,36729,39250,281889
2017,l) Left Censored,382737,1443568,53044009,53124518,61062,4.181,94669,6.483,5140614,1218329,3922285,2.293,9.677,5315922,1572682,3743240,2.960,10.007,-175308,-0.330,19.353,14987,18069,192061
2018,a) 0,442872,446227,2439880,1219940,446227,200.000,X,X,2439880,2439880,X,200.000,200.000,X,X,X,X,X,2439880,200.000,X,X,X,X
2018,b) 1,345009,350559,2375503,2353581,1231,0.310,94144,23.713,635682,27908,607774,1.186,27.009,583092,323504,259588,13.745,24.775,52590,2.234,49.549,71022,71157,261845
2018,c) 2,303958,310410,2314464,2327433,13109,3.960,54422,16.438,462066,52240,409826,2.245,19.853,485831,243987,241844,10.483,20.874,-23765,-1.021,39.706,41819,42060,197178
2018,d) 3,260848,268893,2287786,2301781,11792,4.173,39183,13.866,400274,54972,345302,2.388,17.390,427426,193687,233739,8.415,18.569,-27152,-1.180,34.780,30145,30405,159815
2018,e) 4,232355,242815,2244879,2259257,9694,3.821,31527,12.425,362531,51042,311489,2.259,16.046,390171,171607,218564,7.596,17.270,-27640,-1.223,32.093,23941,24125,138225
2018,f) 5,207669,215681,2043572,2049256,8799,3.920,26364,11.745,330270,52241,278029,2.549,16.117,340514,145898,194616,7.120,16.616,-10244,-0.500,32.233,20016,20227,115261
2018,g) 6 to 10,825445,886260,10087317,10116144,32715,3.573,91494,9.992,1420811,219201,1201610,2.167,14.045,1477829,558190,919639,5.518,14.609,-57018,-0.564,28.090,64867,66074,403139
2018,h) 11 to 15,688500,759316,9421808,9454447,24313,3.123,62627,8.045,1152863,190152,962711,2.011,12.194,1216170,405013,811157,4.284,12.863,-63307,-0.670,24.388,43580,44834,288197
2018,i) 16 to 20,480379,574162,8893531,8956049,17295,2.950,41324,7.050,1013160,202568,810592,2.262,11.313,1134962,342030,792932,3.819,12.673,-121802,-1.360,22.625,27067,28215,194505
2018,j) 21 to 25,389594,502793,8828293,8849669,14962,2.919,34505,6.732,1024842,211949,812893,2.395,11.581,1065437,319363,746074,3.609,12.039,-40595,-0.459,23.161,21656,22840,154460
2018,k) 26+,742383,1135797,25664391,25675527,32402,2.805,70968,6.144,2537960,527187,2010773,2.053,9.885,2562976,706671,1856305,2.752,9.982,-25016,-0.097,19.769,39437,41463,280981
2018,l) Left Censored,367909,1413109,53083849,53064743,55465,3.885,84688,5.932,4696866,1039806,3657060,1.960,8.851,4655341,1233793,3421548,2.325,8.773,41525,0.078,17.546,14625,17605,167990
2019,a) 0,454035,457779,2452257,1226129,457779,200.000,X,X,2452257,2452257,X,200.000,200.000,X,X,X,X,X,2452256,200.000,X,X,X,X
2019,b) 1,347129,351682,2462068,2451677,1410,0.354,95142,23.872,642772,30280,612492,1.235,26.218,614393,324240,290153,13.225,25.060,28379,1.158,50.120,72485,72550,264714
2019,c) 2,304431,310556,2361879,2367330,13851,4.191,53805,16.278,467991,64023,403968,2.704,19.769,475993,238680,237313,10.082,20.107,-8002,-0.338,39.537,41841,42118,192808
2019,d) 3,273912,281020,2289436,2297520,12310,4.163,41618,14.076,402658,60447,342211,2.631,17.526,417429,189264,228165,8.238,18.169,-14771,-0.643,35.052,32233,32437,156272
2019,e) 4,238546,247394,2254384,2267436,10736,4.161,31998,12.401,360236,58208,302028,2.567,15.887,386966,166071,220895,7.324,17.066,-26730,-1.179,31.775,24773,24948,137960
2019,f) 5,213744,224679,2208687,2228055,8975,3.842,26860,11.497,318341,54819,263522,2.460,14.288,357042,149021,208021,6.688,16.025,-38701,-1.737,28.576,20615,20766,119132
2019,g) 6 to 10,816567,875197,10073641,10115653,33966,3.767,86694,9.616,1344975,249642,1095333,2.468,13.296,1430986,514675,916311,5.088,14.146,-86011,-0.850,26.592,65567,66311,406121
2019,h) 11 to 15,692933,763975,9325960,9390202,26143,3.341,63342,8.094,1090612,213353,877259,2.272,11.614,1220760,389461,831299,4.148,13.000,-130148,-1.386,23.229,45802,46772,293010
2019,i) 16 to 20,478363,571289,8807335,8827715,18087,3.104,40744,6.993,944634,204988,739646,2.322,10.701,988828,289842,698986,3.283,11.201,-44194,-0.501,21.402,28227,29021,186520
2019,j) 21 to 25,393594,509819,9301810,9288674,14115,2.714,34570,6.647,1012666,154533,858133,1.664,10.902,979123,263844,715279,2.840,10.541,33543,0.361,21.082,22399,23164,147722
2019,k) 26+,768352,1188849,27311756,27276698,36689,3.044,69452,5.763,2515049,519430,1995619,1.904,9.221,2458075,638590,1819485,2.341,9.012,56974,0.209,18.023,42474,44707,283335
2019,l) Left Censored,354188,1400246,53031073,52991627,52981,3.766,65781,4.676,4267652,963864,3303788,1.819,8.053,4208619,1175988,3032631,2.219,7.942,59033,0.111,15.884,14074,16213,188840
2020,a) 0,456726,462060,2405324,1202662,462060,200.000,X,X,2405324,2405324,X,200.000,200.000,X,X,X,X,X,2405324,200.000,X,X,X,X
2020,b) 1,350667,355558,2414661,2434884,1299,0.320,102638,25.266,587900,22410,565490,0.920,24.145,619367,340494,278873,13.984,25.437,-31467,-1.292,48.290,75104,75151,265383
2020,c) 2,302836,308433,2403990,2428342,14373,4.358,57086,17.310,462553,67892,394661,2.796,19.048,509791,254229,255562,10.469,20.993,-47238,-1.945,38.096,42823,42911,206630
2020,d) 3,271830,278799,2316812,2345474,12617,4.284,44106,14.974,401236,61254,339982,2.612,17.107,457541,202853,254688,8.649,19.507,-56305,-2.401,34.214,32588,32815,163892
2020,e) 4,248542,256658,2249992,2270244,11434,4.252,35890,13.348,369130,64472,304658,2.840,16.259,408208,176122,232086,7.758,17.981,-39078,-1.721,32.519,26382,26593,140852
2020,f) 5,217816,227289,2183511,2214419,9749,4.108,29811,12.562,323688,56066,267622,2.532,14.617,385507,156340,229167,7.060,17.409,-61819,-2.792,29.235,21439,21737,125245
2020,g) 6 to 10,825883,890320,10231407,10343001,37664,4.094,97091,10.553,1352534,274932,1077602,2.658,13.077,1576529,581054,995475,5.618,15.242,-223995,-2.166,26.154,69012,70118,427938
2020,h) 11 to 15,665761,737172,9137423,9251800,24837,3.277,66380,8.758,1024604,189772,834832,2.051,11.075,1252727,420006,832721,4.540,13.540,-228123,-2.466,22.149,45303,46392,301315
2020,i) 16 to 20,486407,578136,8738873,8840179,18457,3.120,45442,7.681,856919,162347,694572,1.836,9.693,1059442,312337,747105,3.533,11.984,-202523,-2.291,19.387,30177,31219,207022
2020,j) 21 to 25,385749,497758,9103577,9120757,15326,3.014,36937,7.263,1060628,372205,688423,4.081,11.629,1083720,348775,734945,3.824,11.882,-23092,-0.253,23.257,23495,24590,157603
2020,k) 26+,789997,1235444,28678089,28932863,34507,2.742,80355,6.386,2548551,664871,1883680,2.298,8.808,3061105,777346,2283759,2.687,10.580,-512554,-1.772,17.617,46164,49013,325931
2020,l) Left Censored,338758,1379121,52873587,52941689,51444,3.701,72859,5.242,4434896,1017538,3417358,1.922,8.377,4578221,1204028,3374193,2.274,8.648,-143325,-0.271,16.754,14059,16822,163412
2021,a) 0,486201,489452,2258316,1129158,489452,200.000,X,X,2258316,2258316,X,200.000,200.000,X,X,X,X,X,2258316,200.000,X,X,X,X
2021,b) 1,353411,360202,2355492,2373171,1833,0.446,103173,25.111,631992,39619,592373,1.669,26.631,657920,329712,328208,13.893,27.723,-25928,-1.093,53.261,77068,77193,250857
2021,c) 2,314889,320705,2280599,2339806,20929,6.195,55242,16.350,461170,86623,374547,3.702,19.710,577517,236387,341130,10.103,24.682,-116347,-4.973,39.420,40669,40747,177457
2021,d) 3,276225,282687,2259218,2325067,16828,5.696,42329,14.328,408595,72625,335970,3.124,17.573,541568,212293,329275,9.131,23.293,-132973,-5.719,35.147,30786,30874,159623
2021,e) 4,250887,259491,2179700,2243014,15713,5.839,34924,12.978,379732,83552,296180,3.725,16.930,507240,172562,334678,7.693,22.614,-127508,-5.685,33.859,25484,25692,133933
2021,f) 5,230189,239756,2104589,2174832,13631,5.491,30568,12.315,332652,70120,262532,3.224,15.296,473936,151163,322773,6.951,21.792,-141284,-6.496,30.591,22141,22341,118207
2021,g) 6 to 10,850814,909128,9640764,9979180,45599,4.867,101293,10.811,1327886,299804,1028082,3.004,13.307,2003808,553867,1449941,5.550,20.080,-675922,-6.773,26.613,71117,72271,414397
2021,h) 11 to 15,634180,713026,8637700,8966624,31535,4.307,69793,9.533,1030310,222532,807778,2.482,11.491,1685590,417917,1267673,4.661,18.798,-655280,-7.308,22.981,46019,47402,277332
2021,i) 16 to 20,496016,585270,8437713,8709741,24445,4.079,52486,8.758,917128,217085,700043,2.492,10.530,1460229,352875,1107354,4.051,16.765,-543101,-6.236,21.060,33187,34156,199127
2021,j) 21 to 25,374253,481073,7942575,8285599,19482,3.952,43163,8.757,771501,193839,577662,2.339,9.311,1456590,337941,1118649,4.079,17.580,-685089,-8.268,18.623,25038,26510,156923
2021,k) 26+,807576,1278484,28802658,29856205,45320,3.469,100938,7.727,2392941,672590,1720351,2.253,8.015,4501601,974277,3527324,3.263,15.078,-2108660,-7.063,16.030,53308,56615,350223
2021,l) Left Censored,322815,1340041,50233025,51595228,59836,4.403,97452,7.172,4027409,1028572,2998837,1.994,7.806,6737148,1310738,5426410,2.540,13.058,-2709739,-5.252,15.612,14943,22447,203676
2022,a) 0,519559,524913,2511291,1255646,524913,200.000,X,X,2511291,2511291,X,200.000,200.000,X,X,X,X,X,2511291,200.000,X,X,X,X
2022,b) 1,365981,372040,2345847,2295775,3185,0.741,119287,27.735,741091,48360,692731,2.106,32.281,631129,404888,226241,17.636,27.491,109962,4.790,54.982,105594,105698,360240
2022,c) 2,322828,331275,2584599,2457997,23215,6.724,51166,14.820,699485,106739,592746,4.343,28.458,443595,216134,227461,8.793,18.047,255890,10.411,36.094,43985,44101,180490
2022,d) 3,292446,300268,2462406,2354569,19550,6.304,39269,12.662,586771,97073,489698,4.123,24.921,370340,174122,196218,7.395,15.729,216431,9.192,31.457,33411,33518,142082
2022,e) 4,259065,268181,2486144,2365340,17739,6.447,31664,11.508,594792,108010,486782,4.566,25.146,352051,157677,194374,6.666,14.884,242741,10.262,29.767,26632,26768,129089
2022,f) 5,235896,245321,2329163,2243659,13981,5.543,27791,11.018,492951,72241,420710,3.220,21.971,322462,137918,184544,6.147,14.372,170489,7.599,28.744,23204,23458,110602
2022,g) 6 to 10,892176,953012,10618677,10287620,50265,5.156,93926,9.635,2041919,327886,1714033,3.187,19.848,1378686,543863,834823,5.287,13.401,663233,6.447,26.803,76159,77632,422541
2022,h) 11 to 15,616643,692261,9114412,8899743,31756,4.492,61007,8.630,1536701,250893,1285808,2.819,17.267,1105485,407489,697996,4.579,12.422,431216,4.845,24.843,46208,47560,291546
2022,i) 16 to 20,516730,603147,8836259,8704035,26407,4.293,50343,8.184,1327758,220167,1107591,2.529,15.255,1063567,375234,688333,4.311,12.219,264191,3.035,24.438,36176,37857,252969
2022,j) 21 to 25,368269,476574,8144172,8022739,21882,4.515,38108,7.862,1166750,230876,935874,2.878,14.543,926114,327842,598272,4.086,11.544,240636,2.999,23.087,25222,26797,170366
2022,k) 26+,834238,1320931,31120763,30726337,54006,4.018,100677,7.489,4062550,759623,3302927,2.472,13.222,3269741,1029126,2240615,3.349,10.641,792809,2.580,21.283,55350,60176,404234
2022,l) Left Censored,311464,1312605,51135298,50746451,61938,4.664,92644,6.976,5702928,1148276,4554652,2.263,11.238,4906139,1509297,3396842,2.974,9.668,796789,1.570,19.336,13596,17615,178982
