year,naics3,sd_weighted,d7525_weighted,d9010_weighted,d9990_weighted,d1001_weighted
1987.0,311,0.3543888888888889,0.4547555555555556,0.8292111111111111,0.614,0.18649333333333332
1987.0,312,0.64585,1.2473,1.45965,0.33030000000000004,0.24925000000000003
1987.0,313,0.2392,0.2982666666666667,0.5885333333333334,0.42506666666666665,0.12804666666666667
1987.0,314,0.30675,0.34240000000000004,0.7537499999999999,0.49945,0.1622
1987.0,315,0.31233333333333335,0.42946666666666666,0.7445333333333334,0.49016666666666664,0.2535
1987.0,316,0.27466666666666667,0.3237333333333334,0.6204333333333333,0.4715666666666667,0.2312
1987.0,321,0.22663333333333333,0.28323333333333334,0.5493333333333333,0.3543,0.2221
1987.0,322,0.227,0.3208,0.55035,0.328,0.2019
1987.0,323,0.2961,0.3172,0.7202,0.5469,0.2495
1987.0,324,0.2315,0.1565,0.2815,0.9149,0.01078
1987.0,325,0.4181142857142857,0.6415428571428572,1.0595285714285714,0.4667428571428571,0.3107285714285714
1987.0,326,0.2744,0.35205,0.6650499999999999,0.4634,0.26515
1987.0,327,0.28886,0.38632,0.71536,0.3637,0.28574
1987.0,331,0.28196,0.40058,0.69106,0.35557999999999995,0.20616000000000004
1987.0,332,0.3153111111111111,0.41544444444444445,0.8008666666666666,0.3940666666666667,0.2638666666666667
1987.0,333,0.3369142857142857,0.43784285714285714,0.8834857142857143,0.3932571428571428,0.2691857142857143
1987.0,334,0.46131666666666665,0.66805,1.1752166666666666,0.5661666666666667,0.21654166666666666
1987.0,335,0.333375,0.438,0.8023750000000001,0.488,0.372025
1987.0,336,0.28202857142857146,0.4488857142857143,0.6933571428571429,0.2975157142857143,0.25800285714285714
1987.0,337,0.24380000000000002,0.3307,0.5768,0.3407,0.2342666666666667
1987.0,339,0.4043,0.60475,1.061,0.55495,0.26944999999999997
1988.0,311,0.35935555555555554,0.48256666666666664,0.8445666666666667,0.6289333333333333,0.20021666666666665
1988.0,312,0.6334500000000001,1.25075,1.43655,0.36199000000000003,0.2311
1988.0,313,0.2507333333333333,0.24529333333333336,0.5890333333333334,0.5841666666666666,0.10727666666666667
1988.0,314,0.32955,0.38275000000000003,0.7643500000000001,0.5089,0.25
1988.0,315,0.3269666666666667,0.4157666666666667,0.8456,0.4782333333333333,0.22939999999999997
1988.0,316,0.2552666666666667,0.37329999999999997,0.6804666666666667,0.1946,0.17966666666666667
1988.0,321,0.23843333333333336,0.30433333333333334,0.5717333333333333,0.39466666666666667,0.24836666666666662
1988.0,322,0.23065000000000002,0.32365,0.5671999999999999,0.2834,0.1954
1988.0,323,0.3091,0.3411,0.7734,0.5348,0.2756
1988.0,324,0.2323,0.1567,0.342,0.847,0.06803
1988.0,325,0.4154,0.6396,1.059057142857143,0.3934285714285714,0.2542285714285714
1988.0,326,0.26995,0.3155,0.6376,0.46499999999999997,0.27344999999999997
1988.0,327,0.2847,0.39204,0.7192000000000001,0.34104,0.25822
1988.0,331,0.3064,0.4387,0.7889999999999999,0.3848,0.18167400000000003
1988.0,332,0.3245,0.41755555555555557,0.8320000000000001,0.3554666666666667,0.32834444444444444
1988.0,333,0.35804285714285716,0.4464428571428571,0.9256000000000001,0.3809,0.3394
1988.0,334,0.4693,0.69785,1.1807999999999998,0.56465,0.2512666666666667
1988.0,335,0.337975,0.47819999999999996,0.8388,0.48045,0.25279999999999997
1988.0,336,0.2739857142857143,0.4073142857142857,0.6606142857142857,0.3321142857142857,0.20687142857142857
1988.0,337,0.24723333333333333,0.3245,0.5958333333333333,0.3597666666666666,0.2826666666666667
1988.0,339,0.4038,0.5846,1.0060499999999999,0.5571,0.24169999999999997
1989.0,311,0.3539222222222222,0.46466666666666673,0.8423777777777778,0.5950222222222222,0.1562311111111111
1989.0,312,0.60515,1.1457,1.4274,0.24811,0.20029999999999998
1989.0,313,0.2624666666666667,0.3127,0.5794,0.5781333333333333,0.18286666666666665
1989.0,314,0.33425,0.3954,0.8120499999999999,0.6839,0.23945
1989.0,315,0.3437666666666667,0.4285333333333334,0.7738666666666667,0.8028666666666666,0.28343333333333337
1989.0,316,0.2457666666666667,0.3448333333333333,0.5874333333333334,0.2692333333333333,0.25416666666666665
1989.0,321,0.22903333333333334,0.2901333333333333,0.5717,0.3796,0.18206666666666668
1989.0,322,0.24035,0.32615,0.60585,0.3011,0.20005
1989.0,323,0.3138,0.3145,0.7721,0.5638,0.2728
1989.0,324,0.2349,0.1535,0.3002,0.8038,0.1165
1989.0,325,0.42662857142857147,0.6365571428571428,1.0772857142857144,0.5038285714285714,0.2698857142857143
1989.0,326,0.2791,0.3335,0.634,0.54095,0.26315
1989.0,327,0.28498,0.38264,0.73712,0.36395999999999995,0.21986
1989.0,331,0.30629999999999996,0.39733999999999997,0.7660199999999999,0.45816,0.25478
1989.0,332,0.3288111111111111,0.4267,0.8270444444444444,0.43512222222222224,0.21834888888888887
1989.0,333,0.34364285714285714,0.4362142857142857,0.8585285714285714,0.3992714285714286,0.37931428571428566
1989.0,334,0.4660666666666667,0.6857333333333333,1.1784000000000001,0.42838333333333334,0.41183333333333333
1989.0,335,0.34285,0.484325,0.8465750000000001,0.500125,0.2476
1989.0,336,0.3055,0.4087571428571429,0.7584285714285715,0.4152,0.15637571428571428
1989.0,337,0.24386666666666668,0.3328333333333333,0.5911333333333334,0.34136666666666665,0.19540000000000002
1989.0,339,0.41764999999999997,0.5629,1.0605,0.5458999999999999,0.31945
1990.0,311,0.3492888888888889,0.43974444444444444,0.8266111111111111,0.5738888888888889,0.1607288888888889
1990.0,312,0.5862499999999999,1.0725,1.451,0.22627,0.2341
1990.0,313,0.2758333333333333,0.3033666666666666,0.6140333333333333,0.6065,0.19491
1990.0,314,0.34135000000000004,0.3583,0.8675999999999999,0.57945,0.11680000000000001
1990.0,315,0.3356666666666667,0.44273333333333337,0.7687666666666667,0.6889,0.2668333333333333
1990.0,316,0.26143333333333335,0.3594,0.6196,0.3159,0.2274766666666667
1990.0,321,0.22619999999999998,0.25386666666666663,0.5506666666666666,0.3922333333333334,0.18696666666666664
1990.0,322,0.23354999999999998,0.3137,0.5870500000000001,0.2672,0.22265000000000001
1990.0,323,0.3025,0.2998,0.7035,0.6006,0.275
1990.0,324,0.2489,0.114,0.3444,0.8961,0.0715
1990.0,325,0.42774285714285715,0.6348428571428572,1.0656428571428571,0.5286142857142857,0.24492857142857144
1990.0,326,0.27565,0.31475,0.61995,0.63195,0.28405
1990.0,327,0.28742,0.35874,0.74576,0.30629999999999996,0.2637
1990.0,331,0.29386,0.37005999999999994,0.751,0.47792,0.18912
1990.0,332,0.32151111111111114,0.40817777777777775,0.8159222222222222,0.39595555555555556,0.2503555555555555
1990.0,333,0.35069999999999996,0.44657142857142856,0.8858857142857143,0.43732857142857146,0.29557142857142854
1990.0,334,0.4644166666666667,0.649985,1.1648166666666666,0.57265,0.36748833333333336
1990.0,335,0.3375,0.4749,0.8658,0.403975,0.2396
1990.0,336,0.3098571428571429,0.40771428571428575,0.7622571428571429,0.4253571428571429,0.14638333333333334
1990.0,337,0.25156666666666666,0.31993333333333335,0.6094,0.40166666666666667,0.31160000000000004
1990.0,339,0.4071,0.5670999999999999,1.01895,0.56675,0.29505
1991.0,311,0.35181111111111113,0.4607888888888889,0.8348,0.5438444444444444,0.19400777777777778
1991.0,312,0.58865,1.11985,1.42,0.31075,0.28875
1991.0,313,0.24886666666666668,0.2959,0.5674,0.5115333333333334,0.2382
1991.0,314,0.33865,0.3777,0.78355,0.6355999999999999,0.2908
1991.0,315,0.3481,0.4098333333333333,0.8056666666666666,0.6446666666666666,0.38589999999999997
1991.0,316,0.26730000000000004,0.34113333333333334,0.6059666666666667,0.5688333333333334,0.3391
1991.0,321,0.23776666666666668,0.2394333333333333,0.5412333333333333,0.43083333333333335,0.20146666666666668
1991.0,322,0.2264,0.3147,0.5597000000000001,0.34695,0.21810000000000002
1991.0,323,0.3079,0.302,0.716,0.6033,0.2486
1991.0,324,0.2478,0.1568,0.391,0.8449,0.1036
1991.0,325,0.4253,0.6284285714285714,1.0368285714285714,0.5548428571428571,0.2857
1991.0,326,0.27475,0.33530000000000004,0.657,0.41445,0.30369999999999997
1991.0,327,0.2998,0.3928,0.76802,0.36185999999999996,0.24906
1991.0,331,0.29318,0.3916,0.71384,0.4309,0.23974600000000001
1991.0,332,0.34525555555555554,0.4357777777777778,0.8979444444444444,0.41105555555555556,0.2337
1991.0,333,0.36888571428571426,0.4162571428571429,0.9275285714285715,0.42887142857142857,0.35227142857142857
1991.0,334,0.46366666666666667,0.6383666666666667,1.1447833333333335,0.5886833333333333,0.4000333333333333
1991.0,335,0.338875,0.475075,0.852225,0.425325,0.2319
1991.0,336,0.3261857142857143,0.41122857142857144,0.8441,0.38411428571428574,0.19298
1991.0,337,0.2524666666666667,0.32256666666666667,0.5933999999999999,0.4973,0.2566333333333333
1991.0,339,0.41500000000000004,0.54735,1.06145,0.5582,0.3075
1992.0,311,0.34756666666666663,0.4498444444444445,0.8228444444444444,0.5556666666666668,0.18160222222222222
1992.0,312,0.61855,1.11995,1.4741,0.4125,0.32175
1992.0,313,0.21386666666666665,0.24686666666666665,0.5050333333333333,0.4300999999999999,0.1404
1992.0,314,0.31225,0.35619999999999996,0.73065,0.6145,0.21795
1992.0,315,0.3458666666666667,0.4174,0.7797000000000001,0.638,0.31383333333333335
1992.0,316,0.2845,0.3706333333333333,0.6379333333333334,0.4594666666666667,0.4009666666666667
1992.0,321,0.22863333333333333,0.25420000000000004,0.5593333333333333,0.3646,0.20523333333333335
1992.0,322,0.21894999999999998,0.2674,0.52325,0.38280000000000003,0.22915
1992.0,323,0.3112,0.309,0.7219,0.6033,0.2759
1992.0,324,0.2331,0.1416,0.3764,0.8279,0.0964
1992.0,325,0.41368571428571427,0.5814714285714285,1.0227,0.5049571428571429,0.35069999999999996
1992.0,326,0.2542,0.3175,0.6168,0.3741,0.27875000000000005
1992.0,327,0.29910000000000003,0.39698,0.74672,0.33890000000000003,0.31829999999999997
1992.0,331,0.29348,0.37812,0.7332799999999999,0.36132,0.32694
1992.0,332,0.32062222222222225,0.4032222222222222,0.8147777777777778,0.42666666666666664,0.2533111111111111
1992.0,333,0.3416571428571428,0.41818571428571427,0.8776285714285714,0.3872285714285714,0.31797142857142857
1992.0,334,0.4329,0.5971000000000001,1.1079166666666667,0.4813,0.30577000000000004
1992.0,335,0.33694999999999997,0.479,0.8230500000000001,0.517075,0.21505
1992.0,336,0.28962857142857146,0.3941857142857143,0.7247428571428571,0.3536428571428571,0.14254
1992.0,337,0.2668333333333333,0.34926666666666667,0.6349666666666667,0.41853333333333337,0.3097666666666667
1992.0,339,0.4103,0.5488999999999999,1.04535,0.45965,0.434
1993.0,311,0.36212222222222223,0.45560000000000006,0.8778333333333334,0.6194000000000001,0.16964555555555555
1993.0,312,0.6105499999999999,1.1018,1.46035,0.448,0.21589999999999998
1993.0,313,0.23066666666666666,0.28396666666666665,0.5468333333333334,0.48786666666666667,0.13623333333333335
1993.0,314,0.29155,0.37260000000000004,0.71095,0.5740500000000001,0.2299
1993.0,315,0.3478666666666667,0.4220333333333333,0.8150333333333334,0.6302333333333333,0.2557
1993.0,316,0.2962666666666667,0.32903333333333334,0.7304333333333334,0.5452333333333333,0.19343
1993.0,321,0.2229,0.2617,0.5477,0.3922666666666667,0.16183333333333333
1993.0,322,0.21710000000000002,0.2843,0.52705,0.3554,0.2213
1993.0,323,0.3046,0.3232,0.6971,0.6088,0.2318
1993.0,324,0.2493,0.1383,0.3642,0.8833,0.1611
1993.0,325,0.4094142857142857,0.5441142857142857,1.0266142857142857,0.5725285714285714,0.30132857142857145
1993.0,326,0.2552,0.35305,0.6175999999999999,0.39485000000000003,0.24205
1993.0,327,0.29056,0.38986,0.7365,0.33094,0.23476
1993.0,331,0.29954000000000003,0.39276,0.7766200000000001,0.38492000000000004,0.15543800000000002
1993.0,332,0.32076666666666664,0.39185555555555557,0.8113888888888889,0.45008888888888887,0.2310888888888889
1993.0,333,0.3530857142857143,0.4496857142857143,0.9220714285714287,0.33795714285714284,0.2829
1993.0,334,0.41185,0.5496166666666666,1.0484833333333334,0.47940000000000005,0.26211
1993.0,335,0.338625,0.464875,0.8214250000000001,0.468125,0.24265
1993.0,336,0.2963857142857143,0.3788,0.7104,0.45854285714285714,0.21780999999999998
1993.0,337,0.25723333333333337,0.32056666666666667,0.6053666666666667,0.5059333333333333,0.24756666666666668
1993.0,339,0.40675,0.5551,1.0554000000000001,0.5039,0.30555
1994.0,311,0.3611111111111111,0.46147777777777776,0.8707333333333334,0.5982222222222222,0.17423444444444447
1994.0,312,0.6507499999999999,1.21885,1.54755,0.226755,0.25755
1994.0,313,0.23139999999999997,0.2753333333333334,0.5534,0.5134333333333333,0.13504000000000002
1994.0,314,0.3035,0.34485,0.78045,0.56545,0.10102
1994.0,315,0.3273333333333333,0.3995666666666667,0.7989,0.48833333333333334,0.21546666666666667
1994.0,316,0.2839,0.33590000000000003,0.6250333333333333,0.6610333333333333,0.20576666666666665
1994.0,321,0.2214,0.2527333333333333,0.5676,0.34513333333333335,0.13306666666666667
1994.0,322,0.21925,0.2939,0.53315,0.35995,0.16995
1994.0,323,0.2928,0.3,0.7073,0.5746,0.2159
1994.0,324,0.2475,0.1483,0.4455,0.7082,0.07215
1994.0,325,0.4127714285714286,0.5637,1.0123285714285715,0.5630714285714286,0.34134285714285717
1994.0,326,0.26395,0.3546,0.62975,0.41075,0.27235
1994.0,327,0.29268,0.41528,0.73076,0.33903999999999995,0.22554
1994.0,331,0.30701999999999996,0.38276000000000004,0.78084,0.4906,0.23195000000000002
1994.0,332,0.31616666666666665,0.3956222222222222,0.7884222222222221,0.4832666666666667,0.2114888888888889
1994.0,333,0.3588,0.4524714285714286,0.9575857142857143,0.4510166666666667,0.25317142857142855
1994.0,334,0.40291666666666665,0.5004166666666666,1.0581833333333333,0.5290833333333333,0.18943999999999997
1994.0,335,0.343775,0.46915,0.818525,0.45775,0.24109999999999998
1994.0,336,0.2845142857142857,0.37902857142857144,0.6653,0.3860514285714286,0.26825714285714286
1994.0,337,0.23246666666666668,0.305,0.5675666666666667,0.29836666666666667,0.3176666666666667
1994.0,339,0.40285000000000004,0.5248999999999999,1.0236,0.46015,0.36205
1995.0,311,0.3808111111111111,0.45002222222222227,0.9214777777777778,0.6355333333333334,0.20250555555555558
1995.0,312,0.6695,1.3229000000000002,1.5745,0.24447,0.23504999999999998
1995.0,313,0.25020000000000003,0.2696,0.5623333333333332,0.5108,0.22676666666666667
1995.0,314,0.3039,0.35960000000000003,0.7362,0.5114000000000001,0.1658
1995.0,315,0.35346666666666665,0.39986666666666665,0.8060333333333333,0.7246666666666667,0.2586333333333333
1995.0,316,0.2819,0.3286,0.6839666666666666,0.4995,0.2306666666666667
1995.0,321,0.22999999999999998,0.27899999999999997,0.5638666666666666,0.36929999999999996,0.1465
1995.0,322,0.25415,0.38234999999999997,0.6431,0.2915,0.17765
1995.0,323,0.2954,0.303,0.714,0.5832,0.2281
1995.0,324,0.286,0.195,0.5639,0.7803,0.08213
1995.0,325,0.4218,0.6140285714285714,1.0264285714285715,0.5619,0.34222857142857144
1995.0,326,0.2842,0.3637,0.6907,0.52295,0.21075
1995.0,327,0.30301999999999996,0.42474,0.7936,0.28998,0.21154
1995.0,331,0.31684,0.41518,0.8038399999999999,0.39605999999999997,0.20112999999999998
1995.0,332,0.32855555555555555,0.40786666666666666,0.8229,0.4568888888888889,0.2735
1995.0,333,0.35000000000000003,0.4517142857142857,0.8902571428571429,0.43615714285714285,0.26778571428571424
1995.0,334,0.40621666666666667,0.5450333333333334,1.0265,0.5401166666666667,0.32164000000000004
1995.0,335,0.348975,0.50415,0.843375,0.44035,0.198325
1995.0,336,0.2898,0.39035714285714285,0.7076714285714285,0.44567142857142855,0.15897457142857144
1995.0,337,0.26676666666666665,0.3405,0.6189333333333333,0.3578333333333334,0.25853333333333334
1995.0,339,0.41164999999999996,0.53425,1.0276,0.6154499999999999,0.29625
1996.0,311,0.3973222222222222,0.4723666666666666,0.9279777777777779,0.6440111111111111,0.3252055555555555
1996.0,312,0.65305,1.2616,1.5579999999999998,0.1902,0.15519
1996.0,313,0.2548333333333333,0.2992666666666666,0.6176333333333334,0.5138333333333334,0.16753333333333334
1996.0,314,0.32010000000000005,0.35455000000000003,0.80945,0.5825,0.092125
1996.0,315,0.3668666666666667,0.44283333333333336,0.8799,0.5375,0.31766666666666665
1996.0,316,0.3880333333333333,0.39663333333333334,0.7642666666666665,0.8661,0.18790000000000004
1996.0,321,0.24113333333333334,0.29173333333333334,0.593,0.4258,0.15533333333333332
1996.0,322,0.24025000000000002,0.3226,0.59015,0.36734999999999995,0.19035
1996.0,323,0.3105,0.3255,0.7503,0.6233,0.2103
1996.0,324,0.233,0.1402,0.359,0.6809,0.06713
1996.0,325,0.4247714285714285,0.6090857142857143,1.0708285714285715,0.5824,0.24445714285714287
1996.0,326,0.28105,0.3644,0.67615,0.50815,0.19974999999999998
1996.0,327,0.31738,0.437,0.8385999999999999,0.40621999999999997,0.21825999999999998
1996.0,331,0.29452,0.37611999999999995,0.71858,0.34581999999999996,0.289252
1996.0,332,0.34415555555555555,0.4187222222222222,0.8746222222222222,0.4649,0.29319999999999996
1996.0,333,0.3644142857142857,0.4973,0.9411428571428572,0.42142857142857143,0.27895714285714285
1996.0,334,0.38586666666666664,0.4846,0.9739,0.529,0.3171866666666667
1996.0,335,0.379325,0.488975,0.8563,0.45845,0.285875
1996.0,336,0.2956285714285714,0.3687285714285714,0.6825142857142857,0.47705714285714285,0.2895142857142857
1996.0,337,0.27473333333333333,0.3350666666666667,0.6663666666666667,0.37496666666666667,0.37756666666666666
1996.0,339,0.41655,0.5144500000000001,1.0821,0.4748,0.3191
1997.0,311,0.3760222222222222,0.49077777777777776,0.9180333333333333,0.5378666666666666,0.1963
1997.0,312,0.6616500000000001,1.2191,1.59095,0.168375,0.206555
1997.0,313,0.2695,0.31853333333333333,0.6249,0.4636,0.1776333333333333
1997.0,314,0.2967,0.29635,0.7703,0.58765,0.1502
1997.0,315,0.3782666666666667,0.4038,0.9519666666666667,0.608,0.26453333333333334
1997.0,316,0.3051,0.33623333333333333,0.7659666666666666,0.53695,0.2592666666666667
1997.0,321,0.24609999999999999,0.2826,0.6157,0.38230000000000003,0.17446666666666666
1997.0,322,0.2623,0.318,0.6423000000000001,0.36135,0.26205
1997.0,323,0.3243,0.3469,0.7575,0.7607,0.2402
1997.0,324,0.2126,0.1519,0.4495,0.5159,0.08313
1997.0,325,0.41469999999999996,0.5956428571428571,1.0533857142857141,0.5273857142857142,0.26542857142857146
1997.0,326,0.26675000000000004,0.35265,0.6568499999999999,0.3988,0.2041
1997.0,327,0.31779999999999997,0.43907999999999997,0.80662,0.37206,0.27406
1997.0,331,0.28126,0.36394000000000004,0.72116,0.43635999999999997,0.133434
1997.0,332,0.3205,0.39278888888888885,0.8169444444444445,0.44452222222222226,0.25818222222222226
1997.0,333,0.35741428571428574,0.5222428571428571,0.8676857142857143,0.48989999999999995,0.29112857142857146
1997.0,334,0.36835,0.47796666666666665,0.9084500000000001,0.5273666666666667,0.27679166666666666
1997.0,335,0.322625,0.445725,0.80305,0.4203,0.262
1997.0,336,0.3072714285714286,0.4566142857142857,0.7523857142857143,0.3483,0.15680857142857144
1997.0,337,0.25833333333333336,0.29866666666666664,0.6107,0.44956666666666667,0.3425
1997.0,339,0.42695,0.5478000000000001,1.077,0.64125,0.3295
1998.0,311,0.3885111111111111,0.4745888888888889,0.9396777777777778,0.6449888888888888,0.2607144444444444
1998.0,312,0.7031,1.2957,1.6378,0.37534999999999996,0.1996
1998.0,313,0.2682333333333333,0.3354333333333333,0.6267,0.42873333333333336,0.26649666666666666
1998.0,314,0.34299999999999997,0.42245,0.8604499999999999,0.47400000000000003,0.1736
1998.0,315,0.3817333333333333,0.4566666666666667,0.8963333333333333,0.5500333333333334,0.40610000000000007
1998.0,316,0.38409999999999994,0.3692333333333333,0.8656666666666667,0.6680666666666667,0.38739999999999997
1998.0,321,0.24716666666666667,0.3072,0.6261666666666666,0.3362,0.13103333333333333
1998.0,322,0.27575,0.3539,0.6541,0.45699999999999996,0.2404
1998.0,323,0.3237,0.3456,0.7225,0.754,0.2154
1998.0,324,0.2092,0.1525,0.4753,0.4765,0.193
1998.0,325,0.42484285714285713,0.5536571428571428,1.0797,0.47880000000000006,0.2701142857142857
1998.0,326,0.27845,0.36939999999999995,0.6714500000000001,0.48464999999999997,0.23325
1998.0,327,0.32842,0.45316,0.84016,0.38626,0.30358
1998.0,331,0.28886,0.36824,0.74562,0.39804000000000006,0.18059
1998.0,332,0.32974444444444445,0.39113333333333333,0.8385555555555555,0.4630222222222222,0.2716666666666667
1998.0,333,0.36025714285714283,0.4778142857142857,0.9094,0.4322714285714286,0.3070857142857143
1998.0,334,0.4432833333333333,0.5353833333333333,1.0282333333333333,0.5302833333333333,0.5331666666666667
1998.0,335,0.3004,0.392775,0.775975,0.374425,0.299975
1998.0,336,0.30495714285714287,0.4299714285714286,0.7584428571428571,0.40806714285714285,0.17771142857142858
1998.0,337,0.2557333333333333,0.3335333333333333,0.6323333333333333,0.2973,0.2755666666666667
1998.0,339,0.4122,0.5422,1.0493999999999999,0.5569,0.3129
1999.0,311,0.3665111111111111,0.4875666666666667,0.8660888888888889,0.6107111111111111,0.19445777777777776
1999.0,312,0.7501,1.4438499999999999,1.8450000000000002,0.4121,0.18005
1999.0,313,0.24739999999999998,0.30826666666666663,0.5658333333333333,0.4250333333333334,0.2432733333333333
1999.0,314,0.3133,0.38865,0.85865,0.32130000000000003,0.129345
1999.0,315,0.3515333333333333,0.40976666666666667,0.8043999999999999,0.7185333333333332,0.24696666666666667
1999.0,316,0.32216666666666666,0.3028,0.6944333333333333,0.6074,0.32318
1999.0,321,0.28576666666666667,0.42493333333333333,0.6947,0.3924666666666667,0.18874
1999.0,322,0.2729,0.33725,0.6574,0.47835,0.20375
1999.0,323,0.3419,0.3663,0.8106,0.6503,0.2494
1999.0,324,0.2809,0.2114,0.5076,0.7265,0.06189
1999.0,325,0.42974285714285715,0.6041142857142857,1.0630285714285714,0.5862999999999999,0.2844285714285714
1999.0,326,0.2864,0.37024999999999997,0.6930499999999999,0.49365,0.2344
1999.0,327,0.33498,0.47729999999999995,0.83726,0.3941,0.27946
1999.0,331,0.304,0.39428,0.70114,0.5252,0.25973199999999996
1999.0,332,0.34288888888888885,0.4466,0.8546555555555556,0.5115777777777778,0.24515555555555554
1999.0,333,0.33985714285714286,0.46431428571428573,0.8669142857142856,0.45985714285714285,0.2304
1999.0,334,0.3660333333333334,0.5079666666666667,0.9367000000000001,0.5130333333333333,0.26898333333333335
1999.0,335,0.312975,0.39105,0.75535,0.5082,0.24257499999999999
1999.0,336,0.3156714285714286,0.4551857142857143,0.7627714285714285,0.43244285714285713,0.19043285714285713
1999.0,337,0.2578666666666667,0.32443333333333335,0.6418666666666667,0.32116666666666666,0.33793333333333336
1999.0,339,0.39915,0.55835,1.0504,0.4616,0.28225
2000.0,311,0.38036666666666663,0.4881555555555555,0.8794555555555555,0.6093222222222222,0.2765677777777778
2000.0,312,0.73595,1.4213999999999998,1.741,0.276495,0.18738500000000002
2000.0,313,0.2619666666666667,0.3189,0.6323666666666666,0.4615333333333333,0.15857666666666667
2000.0,314,0.311,0.37225,0.77165,0.5576,0.188
2000.0,315,0.3642666666666667,0.4781666666666667,0.8518666666666667,0.6806333333333333,0.25930333333333333
2000.0,316,0.37046666666666667,0.40680000000000005,0.8368666666666668,0.6991333333333333,0.4592866666666667
2000.0,321,0.28983333333333333,0.4303333333333333,0.6997,0.3544333333333333,0.18106666666666668
2000.0,322,0.26405,0.38215,0.66145,0.30985,0.1723
2000.0,323,0.3358,0.3639,0.8183,0.5714,0.29
2000.0,324,0.2238,0.179,0.3943,0.5962,0.1062
2000.0,325,0.42887142857142857,0.5792285714285714,1.098,0.5611285714285714,0.2450142857142857
2000.0,326,0.30565,0.3982,0.7495499999999999,0.51925,0.2549
2000.0,327,0.33158000000000004,0.44101999999999997,0.83012,0.45982,0.2433
2000.0,331,0.30564,0.37662,0.7367600000000001,0.51544,0.2298
2000.0,332,0.3339333333333333,0.41806666666666664,0.8282666666666666,0.4485,0.28632222222222226
2000.0,333,0.3452,0.4911428571428571,0.8765999999999999,0.4316714285714286,0.25575714285714285
2000.0,334,0.42333333333333334,0.5676166666666668,1.0340333333333334,0.48879999999999996,0.32641666666666663
2000.0,335,0.3103,0.3825,0.776675,0.396475,0.2439
2000.0,336,0.3083571428571429,0.4192,0.7574428571428571,0.3783142857142857,0.15774
2000.0,337,0.28176666666666667,0.3407,0.6451333333333333,0.4785,0.42840000000000006
2000.0,339,0.4315,0.5867,1.105,0.5592,0.2911
2001.0,311,0.4023222222222222,0.5234000000000001,0.9393444444444445,0.7323,0.23332555555555556
2001.0,312,0.7321500000000001,1.3911499999999999,1.7459000000000002,0.5452,0.23235
2001.0,313,0.27623333333333333,0.3209,0.6334,0.4008333333333334,0.3915333333333333
2001.0,314,0.32865,0.4202,0.8394999999999999,0.5025,0.1348
2001.0,315,0.3753666666666667,0.4331333333333333,0.8744,0.6698,0.25356666666666666
2001.0,316,0.3542666666666667,0.351,0.7374333333333333,0.8433,0.22153333333333336
2001.0,321,0.3041333333333333,0.4385333333333333,0.7261666666666667,0.43920000000000003,0.28126666666666666
2001.0,322,0.2937,0.39155000000000006,0.7074,0.39765000000000006,0.21710000000000002
2001.0,323,0.3251,0.3401,0.7684,0.6196,0.2614
2001.0,324,0.2433,0.1903,0.4081,0.6053,0.1714
2001.0,325,0.4570142857142857,0.5782571428571429,1.1292428571428572,0.6044571428571429,0.4135714285714286
2001.0,326,0.30265,0.35314999999999996,0.6991499999999999,0.5479,0.32175
2001.0,327,0.34004,0.45018,0.8543,0.46083999999999997,0.29154
2001.0,331,0.29578,0.38426,0.7360800000000001,0.42329999999999995,0.19948000000000002
2001.0,332,0.3439111111111111,0.4172444444444444,0.8339555555555556,0.5102,0.28354444444444443
2001.0,333,0.3711428571428571,0.48917142857142853,0.9195,0.5481714285714286,0.3202714285714286
2001.0,334,0.45598333333333335,0.5555833333333333,1.1521333333333332,0.5479333333333333,0.24484000000000003
2001.0,335,0.31227499999999997,0.38349999999999995,0.7803,0.433525,0.31425
2001.0,336,0.32777142857142855,0.4381857142857143,0.7861714285714285,0.44375714285714285,0.1558057142857143
2001.0,337,0.2881,0.34759999999999996,0.6594666666666666,0.5385333333333334,0.34393333333333337
2001.0,339,0.43884999999999996,0.60815,1.1215000000000002,0.6116999999999999,0.31784999999999997
2002.0,311,0.4079888888888889,0.4930555555555556,0.9614222222222223,0.7323444444444445,0.23084444444444444
2002.0,312,0.5730999999999999,0.80195,1.4220000000000002,0.55445,0.42345
2002.0,313,0.23843333333333336,0.30060000000000003,0.5553333333333333,0.3662,0.2245
2002.0,314,0.31205,0.34515,0.7785,0.5991500000000001,0.1341
2002.0,315,0.38256666666666667,0.41973333333333335,0.8153,0.8775666666666667,0.3461
2002.0,316,0.31903333333333334,0.3480666666666667,0.7057666666666668,0.7369666666666667,0.2179766666666667
2002.0,321,0.30223333333333335,0.40599999999999997,0.7156333333333333,0.5138,0.2975
2002.0,322,0.2952,0.34935,0.6868000000000001,0.50415,0.21765
2002.0,323,0.3469,0.3576,0.8592,0.5925,0.2543
2002.0,324,0.1931,0.1728,0.3547,0.598,0.06711
2002.0,325,0.44821428571428573,0.6163285714285714,1.1032142857142857,0.5683285714285714,0.2842571428571429
2002.0,326,0.28785,0.35814999999999997,0.69745,0.4592,0.27805
2002.0,327,0.3263,0.44082,0.81402,0.42607999999999996,0.25646
2002.0,331,0.28106,0.35812,0.68138,0.51978,0.16008
2002.0,332,0.3346222222222222,0.3957555555555556,0.7956888888888889,0.5899,0.2718111111111111
2002.0,333,0.3656857142857143,0.4170714285714286,0.9333142857142857,0.47987142857142856,0.33184285714285716
2002.0,334,0.49155,0.6678166666666666,1.2040499999999998,0.61385,0.3292
2002.0,335,0.333475,0.428925,0.840275,0.504375,0.294025
2002.0,336,0.32454285714285713,0.43517142857142854,0.7845000000000001,0.4566,0.18499571428571432
2002.0,337,0.26763333333333333,0.3579666666666667,0.6559333333333334,0.4087,0.2861
2002.0,339,0.42675,0.5569999999999999,1.0995,0.57725,0.2932
2003.0,311,0.4189,0.5104222222222222,1.0054444444444444,0.7059777777777777,0.2149477777777778
2003.0,312,0.5724,0.4977,1.4075000000000002,0.8085,0.40855
2003.0,313,0.26836666666666664,0.27263333333333334,0.5757666666666666,0.5607666666666667,0.21943333333333334
2003.0,314,0.3173,0.3634,0.7689999999999999,0.50515,0.158665
2003.0,315,0.3921333333333334,0.4865,0.9836,0.6564666666666666,0.18716666666666668
2003.0,316,0.3314,0.36976666666666663,0.7714333333333334,0.6074,0.18062
2003.0,321,0.28676666666666667,0.3803,0.6881333333333334,0.48423333333333335,0.18133333333333335
2003.0,322,0.28535,0.34165,0.7023999999999999,0.4471,0.1498
2003.0,323,0.3394,0.3355,0.7893,0.7356,0.2332
2003.0,324,0.2172,0.1134,0.2387,1.011,0.06513
2003.0,325,0.46717142857142857,0.6235857142857143,1.161557142857143,0.6682285714285714,0.22614714285714285
2003.0,326,0.29874999999999996,0.39475000000000005,0.7337,0.4341,0.2972
2003.0,327,0.33824,0.45192,0.79586,0.59538,0.31185999999999997
2003.0,331,0.31514000000000003,0.37822,0.6953400000000001,0.7722,0.19499879999999997
2003.0,332,0.3436333333333333,0.4015666666666667,0.8358333333333333,0.5394666666666666,0.2707
2003.0,333,0.35695714285714286,0.4441,0.8984142857142857,0.49452857142857143,0.2669142857142857
2003.0,334,0.5567666666666667,0.8791833333333333,1.3404999999999998,0.5482166666666667,0.3565783333333334
2003.0,335,0.3358,0.41859999999999997,0.828275,0.5123249999999999,0.22820000000000001
2003.0,336,0.3334428571428571,0.47155714285714284,0.7373857142857142,0.5408285714285714,0.26213857142857144
2003.0,337,0.27613333333333334,0.37046666666666667,0.7021000000000001,0.3743666666666667,0.23939999999999997
2003.0,339,0.44225000000000003,0.55515,1.154,0.51425,0.2996
2004.0,311,0.43193333333333334,0.5183333333333333,1.0379777777777777,0.8254444444444444,0.1453511111111111
2004.0,312,0.5752,0.8127,1.458,0.632,0.23275
2004.0,313,0.29843333333333333,0.27053333333333335,0.6233,0.7140333333333334,0.3164666666666667
2004.0,314,0.34145000000000003,0.3341,0.7806500000000001,0.7501,0.15089999999999998
2004.0,315,0.3818,0.4207,0.9422,0.6348333333333332,0.20199999999999999
2004.0,316,0.2856666666666667,0.39963333333333334,0.6640333333333334,0.38726666666666665,0.27958666666666665
2004.0,321,0.3051333333333333,0.3777333333333333,0.7182666666666666,0.568,0.1900666666666667
2004.0,322,0.2864,0.35109999999999997,0.7117,0.4559,0.14515
2004.0,323,0.3551,0.3681,0.8763,0.6749,0.2586
2004.0,324,0.2165,0.1314,0.2542,0.7475,0.09056
2004.0,325,0.47677142857142857,0.5986285714285715,1.2182857142857144,0.6688,0.22692857142857142
2004.0,326,0.31735,0.41365,0.7838,0.53555,0.23720000000000002
2004.0,327,0.33126,0.42058,0.82356,0.50258,0.22400000000000003
2004.0,331,0.31088,0.36032000000000003,0.6937599999999999,0.6119,0.19542600000000002
2004.0,332,0.3562,0.4230222222222222,0.871688888888889,0.5954666666666666,0.26054444444444447
2004.0,333,0.35688571428571425,0.47441428571428573,0.8567142857142857,0.5106571428571429,0.24445714285714285
2004.0,334,0.5341,0.8769166666666667,1.2899,0.5065333333333334,0.36433333333333334
2004.0,335,0.3495,0.461625,0.875825,0.522225,0.21912500000000001
2004.0,336,0.3088285714285714,0.4473,0.7176857142857143,0.4841714285714286,0.1855642857142857
2004.0,337,0.30519999999999997,0.37666666666666665,0.73,0.6763,0.25406666666666666
2004.0,339,0.4455,0.5484,1.1059999999999999,0.663,0.3036
2005.0,311,0.4330222222222222,0.531911111111111,1.0284222222222223,0.777711111111111,0.17835333333333334
2005.0,312,0.5372,0.53425,1.4085,0.70875,0.24905
2005.0,313,0.32453333333333334,0.3465666666666667,0.7232333333333333,0.8028,0.21456666666666666
2005.0,314,0.35660000000000003,0.36655000000000004,0.8271,0.7446999999999999,0.1931
2005.0,315,0.37456666666666666,0.4994,0.9007333333333333,0.5289333333333334,0.33709999999999996
2005.0,316,0.2639666666666667,0.3699666666666667,0.6094333333333334,0.4726333333333333,0.17566666666666667
2005.0,321,0.28733333333333333,0.38079999999999997,0.6650333333333333,0.5489333333333334,0.13486666666666666
2005.0,322,0.2959,0.36,0.72055,0.48419999999999996,0.1613
2005.0,323,0.3525,0.3505,0.8508,0.7255,0.2305
2005.0,324,0.2262,0.1283,0.2948,0.8028,0.05224
2005.0,325,0.4976,0.6156285714285714,1.2431,0.7889571428571429,0.2281
2005.0,326,0.31035,0.38665,0.75955,0.49334999999999996,0.2627
2005.0,327,0.36132,0.45614,0.84382,0.74266,0.31616
2005.0,331,0.32246,0.35385999999999995,0.70784,0.68712,0.173374
2005.0,332,0.3528,0.4318111111111111,0.8390444444444445,0.5453888888888889,0.2918
2005.0,333,0.3558428571428571,0.44939999999999997,0.8723857142857143,0.5881428571428572,0.19703428571428572
2005.0,334,0.5476333333333333,0.8572333333333334,1.3811333333333333,0.5316500000000001,0.26007166666666665
2005.0,335,0.35862499999999997,0.49360000000000004,0.9089499999999999,0.502575,0.2217
2005.0,336,0.30974285714285715,0.4276714285714286,0.6890428571428571,0.48504285714285716,0.20669857142857143
2005.0,337,0.2962666666666667,0.3406,0.7012999999999999,0.4436333333333333,0.3464333333333333
2005.0,339,0.44899999999999995,0.5763,1.1265,0.6184000000000001,0.26544999999999996
2006.0,311,0.4192,0.5059444444444444,0.9928666666666667,0.8076444444444444,0.21454111111111113
2006.0,312,0.53845,0.51365,1.1815,0.8573500000000001,0.5716
2006.0,313,0.3356666666666667,0.3921333333333334,0.8181666666666666,0.6665666666666666,0.16596666666666668
2006.0,314,0.3508,0.3749,0.80295,0.6678999999999999,0.24775000000000003
2006.0,315,0.4201,0.5350666666666667,1.0270666666666666,0.6261333333333333,0.21966666666666668
2006.0,316,0.3208666666666667,0.42019999999999996,0.8324666666666666,0.43670000000000003,0.17776666666666663
2006.0,321,0.27926666666666666,0.3486,0.6396666666666667,0.5293333333333333,0.15663333333333332
2006.0,322,0.31225,0.3928,0.78445,0.43475,0.21284999999999998
2006.0,323,0.3691,0.3735,0.9264,0.7313,0.1951
2006.0,324,0.2496,0.1435,0.3793,0.8085,0.08235
2006.0,325,0.5010428571428572,0.625042857142857,1.3105,0.7565571428571428,0.17884285714285714
2006.0,326,0.33025000000000004,0.39795,0.77915,0.55265,0.31445
2006.0,327,0.36916000000000004,0.4511,0.8799800000000001,0.66686,0.25623999999999997
2006.0,331,0.34859999999999997,0.41093999999999997,0.7750600000000001,0.72782,0.22432
2006.0,332,0.3551777777777778,0.4342555555555555,0.8474111111111111,0.6444666666666667,0.24844444444444447
2006.0,333,0.35827142857142863,0.48932857142857145,0.8820428571428571,0.5698571428571428,0.19253285714285712
2006.0,334,0.5299999999999999,0.7975500000000001,1.3400166666666669,0.40031666666666665,0.2757266666666667
2006.0,335,0.36275,0.45415,0.8824,0.57785,0.2368
2006.0,336,0.30802857142857143,0.39354285714285714,0.7429571428571428,0.4426685714285714,0.24079671428571428
2006.0,337,0.30916666666666665,0.3637666666666666,0.6846666666666666,0.5546333333333333,0.2988
2006.0,339,0.4667,0.5841000000000001,1.2035,0.61275,0.33665
2007.0,311,0.4025444444444444,0.4818555555555556,0.9670333333333334,0.7445444444444445,0.22229555555555555
2007.0,312,0.5523,0.6462,1.362,0.8228,0.5396
2007.0,313,0.3133666666666666,0.38763333333333333,0.7241,0.5451666666666667,0.22396666666666665
2007.0,314,0.35595,0.3587,0.7782,0.77275,0.19415000000000002
2007.0,315,0.3652,0.45359999999999995,0.9699,0.4812333333333334,0.16307
2007.0,316,0.2839333333333333,0.32216666666666666,0.6026666666666667,0.6825666666666667,0.30726666666666663
2007.0,321,0.3056666666666667,0.3507,0.6986666666666667,0.5868000000000001,0.24
2007.0,322,0.2922,0.38539999999999996,0.67885,0.52245,0.189
2007.0,323,0.3623,0.3626,0.882,0.7293,0.2381
2007.0,324,0.2171,0.1631,0.4374,0.6425,0.1656
2007.0,325,0.49414285714285716,0.7098571428571427,1.2486285714285716,0.6405000000000001,0.22034285714285715
2007.0,326,0.33704999999999996,0.39795,0.7757000000000001,0.4966,0.38165
2007.0,327,0.33858,0.43667999999999996,0.8484999999999999,0.52954,0.22178
2007.0,331,0.32776,0.4237,0.7513799999999999,0.6478400000000001,0.182846
2007.0,332,0.35685555555555554,0.4203111111111111,0.8704333333333333,0.5917666666666667,0.25153333333333333
2007.0,333,0.3512142857142857,0.46499999999999997,0.8735999999999999,0.5223142857142857,0.2477857142857143
2007.0,334,0.5475666666666666,0.8341999999999999,1.3363166666666666,0.4719666666666667,0.3580833333333333
2007.0,335,0.3658,0.488275,0.927725,0.61155,0.2631825
2007.0,336,0.29974285714285714,0.3583442857142857,0.7183285714285714,0.5388142857142857,0.14259
2007.0,337,0.3136666666666667,0.3781333333333334,0.7170666666666667,0.5462666666666667,0.2396666666666667
2007.0,339,0.46685,0.60895,1.19,0.5994999999999999,0.3366
2008.0,311,0.4077777777777778,0.46575555555555553,0.9463444444444443,0.8450777777777778,0.20559666666666668
2008.0,312,0.57645,0.83935,1.3679999999999999,0.8758,0.6188
2008.0,313,0.3212333333333333,0.3307333333333333,0.7233333333333333,0.8640666666666666,0.18926666666666667
2008.0,314,0.3424,0.3456,0.7322500000000001,0.74615,0.27875000000000005
2008.0,315,0.4122333333333333,0.4399333333333333,0.8933,0.8395333333333334,0.4990666666666667
2008.0,316,0.2762,0.38856666666666667,0.584,0.5726333333333333,0.22183333333333333
2008.0,321,0.3118,0.3495333333333333,0.7140333333333334,0.5691,0.2952
2008.0,322,0.31525,0.38385,0.7658499999999999,0.438,0.25955
2008.0,323,0.3662,0.3686,0.8815,0.707,0.3002
2008.0,324,0.1997,0.1099,0.3735,0.6438,0.09185
2008.0,325,0.5204285714285714,0.7125857142857143,1.3182285714285713,0.7485714285714286,0.24302285714285715
2008.0,326,0.3556,0.4317,0.82205,0.5297000000000001,0.4175
2008.0,327,0.35126,0.46714,0.86616,0.50832,0.28056800000000004
2008.0,331,0.3286,0.38808,0.72848,0.6514599999999999,0.304956
2008.0,332,0.3645333333333334,0.4487777777777777,0.8919333333333334,0.5885444444444444,0.2537333333333333
2008.0,333,0.35519999999999996,0.4278571428571429,0.8865571428571428,0.4620857142857143,0.31260000000000004
2008.0,334,0.6618666666666667,1.0423666666666667,1.6293,0.48027600000000004,0.4245666666666667
2008.0,335,0.36072499999999996,0.51035,0.886425,0.5000249999999999,0.245415
2008.0,336,0.31614285714285717,0.43502857142857143,0.7060142857142857,0.5310142857142858,0.21710000000000002
2008.0,337,0.32183333333333336,0.4273,0.7518333333333334,0.47396666666666665,0.26166666666666666
2008.0,339,0.46799999999999997,0.5963,1.2045,0.54245,0.41025
2009.0,311,0.39111111111111113,0.44922222222222224,0.8969777777777779,0.7543333333333333,0.20353444444444443
2009.0,312,0.593,0.8381,1.4475,0.8223,0.56965
2009.0,313,0.3758333333333333,0.36116666666666664,0.7569666666666667,1.0322666666666667,0.2551
2009.0,314,0.36655,0.41095000000000004,0.734,0.8593,0.2646
2009.0,315,0.3974333333333333,0.4706666666666666,0.8929666666666667,0.7692,0.2733666666666667
2009.0,316,0.31693333333333334,0.3889666666666667,0.7080666666666667,0.6539666666666667,0.2817
2009.0,321,0.3406,0.39230000000000004,0.7671000000000001,0.6360666666666667,0.3774
2009.0,322,0.33255,0.44899999999999995,0.81,0.4407,0.23049999999999998
2009.0,323,0.3681,0.4139,0.8798,0.754,0.2383
2009.0,324,0.1849,0.1222,0.3853,0.5454,0.1079
2009.0,325,0.4835,0.6226142857142857,1.205642857142857,0.5352857142857143,0.41523571428571426
2009.0,326,0.3529,0.4548,0.82165,0.5199,0.42755
2009.0,327,0.38395999999999997,0.47648,0.9337399999999999,0.6467,0.44265999999999994
2009.0,331,0.36576,0.37808,0.80474,0.6613,0.34632
2009.0,332,0.3924111111111111,0.4743777777777778,0.942111111111111,0.6093777777777778,0.30964444444444444
2009.0,333,0.35594285714285717,0.4700285714285714,0.8945428571428572,0.4850857142857143,0.2490285714285714
2009.0,334,0.6288666666666667,0.9423833333333334,1.57135,0.5512666666666667,0.42305
2009.0,335,0.36202500000000004,0.523825,0.867225,0.576325,0.2713
2009.0,336,0.3386857142857143,0.3731285714285714,0.8081714285714287,0.7036714285714286,0.2648857142857143
2009.0,337,0.3226333333333333,0.4216,0.7999666666666666,0.5612666666666667,0.21189999999999998
2009.0,339,0.48045000000000004,0.6183000000000001,1.2355,0.5466,0.36705
2010.0,311,0.37929999999999997,0.45528888888888885,0.8985888888888888,0.6221777777777777,0.1948077777777778
2010.0,312,0.61805,0.8390500000000001,1.597,0.8625,0.26495
2010.0,313,0.34546666666666664,0.3441666666666667,0.7676666666666666,1.0015,0.16003333333333333
2010.0,314,0.36929999999999996,0.40665,0.8817999999999999,0.6093500000000001,0.15539999999999998
2010.0,315,0.46923333333333334,0.4719,0.9449333333333333,1.2403666666666666,0.49983333333333335
2010.0,316,0.2806666666666667,0.37883333333333336,0.6373333333333333,0.33063,0.27826666666666666
2010.0,321,0.2964333333333333,0.34109999999999996,0.6745,0.6212333333333334,0.26676666666666665
2010.0,322,0.3381,0.4365,0.788,0.4736,0.43565
2010.0,323,0.3496,0.3705,0.7913,0.801,0.2557
2010.0,324,0.1966,0.109,0.3911,0.5307,0.07444
2010.0,325,0.45652857142857145,0.5719857142857142,1.1577857142857142,0.5204571428571428,0.27553285714285713
2010.0,326,0.32715,0.3993,0.7935000000000001,0.49874999999999997,0.2762
2010.0,327,0.37154,0.47173999999999994,0.8883800000000001,0.6705,0.32278
2010.0,331,0.32606,0.32382,0.6756,0.8055,0.13686
2010.0,332,0.36635555555555555,0.4534444444444445,0.8923333333333334,0.5780444444444445,0.2743333333333333
2010.0,333,0.3704571428571429,0.44925714285714285,0.932457142857143,0.4764428571428571,0.28185714285714286
2010.0,334,0.6257333333333334,0.9204333333333334,1.5595999999999999,0.5580533333333334,0.43624
2010.0,335,0.3544,0.44884999999999997,0.841925,0.56215,0.30465
2010.0,336,0.3321714285714286,0.4071714285714286,0.7568571428571429,0.5585285714285714,0.20678285714285716
2010.0,337,0.319,0.43543333333333334,0.7432666666666666,0.6076,0.23656666666666668
2010.0,339,0.4948,0.6514,1.2730000000000001,0.61605,0.3375
2011.0,311,0.38918888888888886,0.4615777777777778,0.8730888888888889,0.7476555555555556,0.2269211111111111
2011.0,312,0.6275,0.79955,1.484,0.7055,0.7862
2011.0,313,0.3204666666666667,0.3374333333333333,0.7342666666666666,0.8048000000000001,0.2009
2011.0,314,0.35509999999999997,0.43925000000000003,0.8208,0.67025,0.19995000000000002
2011.0,315,0.461,0.5373666666666667,0.993,0.9652,0.3965
2011.0,316,0.23573333333333335,0.3218333333333333,0.6491333333333333,0.29073333333333334,0.09862666666666668
2011.0,321,0.2931333333333333,0.3303333333333333,0.6405333333333334,0.7601999999999999,0.2211
2011.0,322,0.34040000000000004,0.40645,0.7769,0.5488500000000001,0.354
2011.0,323,0.3453,0.3577,0.7855,0.77,0.242
2011.0,324,0.188,0.1495,0.266,0.7431,0.04417
2011.0,325,0.4582857142857143,0.5686714285714286,1.1039571428571429,0.7373999999999999,0.32189999999999996
2011.0,326,0.35450000000000004,0.45894999999999997,0.8666,0.5313,0.27705
2011.0,327,0.36458,0.45106,0.87518,0.6371,0.24408000000000002
2011.0,331,0.31618,0.29344000000000003,0.65742,0.7413000000000001,0.19604
2011.0,332,0.36102222222222224,0.43379999999999996,0.8891555555555555,0.538088888888889,0.29636666666666667
2011.0,333,0.3586571428571429,0.44248571428571426,0.8710428571428571,0.5406142857142857,0.24518571428571428
2011.0,334,0.6570666666666667,1.0242833333333334,1.5698166666666669,0.6055499999999999,0.46858333333333335
2011.0,335,0.348125,0.42364999999999997,0.786725,0.6066,0.25295
2011.0,336,0.3293857142857143,0.40947142857142854,0.8149428571428572,0.4443142857142857,0.2343714285714286
2011.0,337,0.32106666666666667,0.43320000000000003,0.7802000000000001,0.5662333333333334,0.19140000000000001
2011.0,339,0.4948,0.66735,1.2650000000000001,0.6734,0.368
2012.0,311,0.3474666666666667,0.43566666666666665,0.8076333333333333,0.5988777777777777,0.15727555555555556
2012.0,312,0.5754,0.8440000000000001,1.475,0.377695,0.33455
2012.0,313,0.272,0.28363333333333335,0.5945666666666667,0.6840666666666667,0.21623333333333336
2012.0,314,0.3394,0.42290000000000005,0.7441,0.8441000000000001,0.2441
2012.0,315,0.38420000000000004,0.4144666666666666,0.9642666666666666,0.4998666666666667,0.5267000000000001
2012.0,316,0.2095,0.31593333333333334,0.5115999999999999,0.20606666666666665,0.14699666666666666
2012.0,321,0.28936666666666666,0.37576666666666664,0.6878666666666667,0.4949666666666666,0.18776666666666667
2012.0,322,0.32294999999999996,0.4173,0.79595,0.47185,0.30155
2012.0,323,0.3012,0.3009,0.6386,0.7952,0.2124
2012.0,324,0.1978,0.1173,0.2765,0.7285,0.08225
2012.0,325,0.4442714285714286,0.5564857142857143,1.0906142857142858,0.7302142857142856,0.3331571428571429
2012.0,326,0.34640000000000004,0.47935,0.8710500000000001,0.4858,0.24025
2012.0,327,0.35154,0.4505800000000001,0.84034,0.5979,0.35425999999999996
2012.0,331,0.29756,0.30564,0.66866,0.66284,0.1817
2012.0,332,0.33644444444444443,0.41333333333333333,0.8415222222222222,0.4825222222222222,0.2446
2012.0,333,0.36058571428571423,0.4347,0.8826285714285714,0.5503571428571429,0.2729
2012.0,334,0.6358666666666667,1.0185833333333334,1.5690166666666665,0.5862833333333334,0.3011
2012.0,335,0.31930000000000003,0.419075,0.76525,0.44227500000000003,0.22967500000000002
2012.0,336,0.3096571428571429,0.3992142857142857,0.7380000000000001,0.35807142857142854,0.19005428571428573
2012.0,337,0.32536666666666664,0.44156666666666666,0.7735333333333333,0.5545,0.21130000000000002
2012.0,339,0.43600000000000005,0.56345,1.0843500000000001,0.58605,0.35225
2013.0,311,0.34946666666666665,0.42875555555555556,0.8340000000000001,0.6347,0.13864555555555558
2013.0,312,0.55725,0.6367,1.5510000000000002,0.6435,0.2415
2013.0,313,0.27363333333333334,0.2874666666666667,0.6075666666666667,0.7340666666666666,0.2527333333333333
2013.0,314,0.3508,0.5045499999999999,0.7513,0.722,0.26325
2013.0,315,0.4012,0.4164666666666667,0.798,0.9185333333333334,0.3465666666666667
2013.0,316,0.23170000000000002,0.3229666666666667,0.5897333333333333,0.24207333333333336,0.17427
2013.0,321,0.3051,0.39736666666666665,0.7101000000000001,0.5419666666666666,0.22243333333333334
2013.0,322,0.3148,0.4273,0.77035,0.5228,0.18259999999999998
2013.0,323,0.3114,0.2856,0.6449,0.84,0.2824
2013.0,324,0.23,0.122,0.3492,0.6379,0.05096
2013.0,325,0.4475857142857143,0.5988714285714286,1.0991857142857142,0.6243714285714285,0.29138571428571425
2013.0,326,0.3331,0.44784999999999997,0.8036,0.56235,0.25675000000000003
2013.0,327,0.3528,0.45310000000000006,0.8468,0.6228400000000001,0.32984
2013.0,331,0.30626,0.29296,0.67272,0.6813,0.172268
2013.0,332,0.35055555555555556,0.43333333333333335,0.8803111111111112,0.4615444444444445,0.2679444444444445
2013.0,333,0.35848571428571424,0.41818571428571427,0.8636999999999999,0.6238571428571429,0.24994285714285716
2013.0,334,0.6616666666666666,1.0642500000000001,1.5827666666666664,0.6575666666666667,0.43331666666666663
2013.0,335,0.29835,0.40915,0.70995,0.465775,0.24027500000000002
2013.0,336,0.322,0.39914285714285713,0.8330857142857143,0.3278857142857143,0.22401285714285715
2013.0,337,0.32106666666666667,0.4307666666666667,0.7962333333333333,0.47239999999999993,0.13473333333333334
2013.0,339,0.49134999999999995,0.61855,1.2755,0.5959,0.4744
2014.0,311,0.3486,0.4298888888888889,0.8192777777777778,0.6496444444444445,0.1299011111111111
2014.0,312,0.61755,0.83795,1.7285,0.6126,0.21115
2014.0,313,0.2674,0.2664666666666667,0.6156333333333334,0.6468666666666667,0.24606666666666666
2014.0,314,0.34095,0.51535,0.7213499999999999,0.65825,0.2072
2014.0,315,0.4065666666666667,0.4627333333333333,0.842,0.9795666666666666,0.3061833333333333
2014.0,316,0.23253333333333334,0.2789,0.5336333333333334,0.25766666666666665,0.2633466666666667
2014.0,321,0.31273333333333336,0.379,0.7176666666666667,0.6970666666666666,0.18530000000000002
2014.0,322,0.31410000000000005,0.44715000000000005,0.7793,0.46230000000000004,0.191
2014.0,323,0.3191,0.2977,0.7001,0.8299,0.2413
2014.0,324,0.1946,0.09811,0.2575,0.7414,0.1382
2014.0,325,0.4637428571428571,0.5788142857142857,1.1026428571428573,0.7263285714285714,0.33235714285714285
2014.0,326,0.35414999999999996,0.4687,0.8283,0.69335,0.2495
2014.0,327,0.32908,0.42916,0.8047799999999998,0.54884,0.24766
2014.0,331,0.30422000000000005,0.29922,0.65874,0.67138,0.224138
2014.0,332,0.34324444444444446,0.4298444444444444,0.8432555555555555,0.5534333333333333,0.21546666666666667
2014.0,333,0.36941428571428575,0.42167142857142853,0.8660571428571429,0.7350285714285715,0.24664285714285714
2014.0,334,0.6420666666666667,1.0087166666666667,1.5872,0.5998666666666667,0.28801666666666664
2014.0,335,0.315325,0.42257500000000003,0.7507,0.44382499999999997,0.3274
2014.0,336,0.3091,0.3666714285714286,0.7510857142857142,0.44897142857142863,0.17723714285714284
2014.0,337,0.32443333333333335,0.3994,0.8091666666666667,0.5274333333333333,0.1948
2014.0,339,0.43685,0.61625,1.165,0.4192,0.24855
2015.0,311,0.34105555555555556,0.4192444444444445,0.8010444444444444,0.5990222222222221,0.1307422222222222
2015.0,312,0.60275,0.7139,1.661,0.33034,0.3423
2015.0,313,0.26380000000000003,0.2850333333333333,0.5768333333333334,0.8770000000000001,0.18933333333333335
2015.0,314,0.32115,0.43889999999999996,0.6829000000000001,0.57485,0.38645
2015.0,315,0.37056666666666666,0.3323333333333333,0.8120333333333334,0.8273999999999999,0.22036666666666668
2015.0,316,0.2285,0.3412,0.5845,0.3066,0.12944433333333333
2015.0,321,0.32343333333333335,0.4599,0.7335333333333334,0.6956666666666668,0.16395
2015.0,322,0.30735,0.45875,0.80325,0.3524,0.14350000000000002
2015.0,323,0.2994,0.3111,0.7252,0.6239,0.1843
2015.0,324,0.165,0.1139,0.2717,0.5624,0.1389
2015.0,325,0.4593428571428571,0.6359,1.0919285714285714,0.7510571428571428,0.29374285714285714
2015.0,326,0.3453,0.45775,0.834,0.5084,0.2958
2015.0,327,0.3585,0.44733999999999996,0.84382,0.6416000000000001,0.40542
2015.0,331,0.32296,0.34648,0.76078,0.53738,0.267564
2015.0,332,0.3498111111111111,0.4297666666666667,0.8465333333333334,0.5600111111111111,0.2512333333333333
2015.0,333,0.3688714285714286,0.4579857142857143,0.8728428571428571,0.644357142857143,0.2841
2015.0,334,0.6257833333333334,0.9937999999999999,1.57515,0.6252333333333333,0.33270833333333333
2015.0,335,0.32775,0.446875,0.83365,0.4065,0.14585
2015.0,336,0.31338571428571427,0.36269999999999997,0.7265714285714286,0.6578285714285714,0.15873
2015.0,337,0.36143333333333333,0.48796666666666666,0.8833666666666667,0.5349333333333334,0.09705333333333332
2015.0,339,0.43145,0.62355,1.1495,0.43794999999999995,0.251
2016.0,311,0.34424444444444446,0.44024444444444444,0.7985444444444444,0.6404888888888889,0.16472666666666666
2016.0,312,0.6291,0.6895,1.7455,0.278615,0.31825
2016.0,313,0.26256666666666667,0.2921,0.5342,0.8571333333333332,0.19066666666666668
2016.0,314,0.3355,0.52685,0.7197,0.6050500000000001,0.2838
2016.0,315,0.36310000000000003,0.36413333333333336,0.7454333333333333,0.7198333333333334,0.3525666666666667
2016.0,316,0.236,0.2937666666666667,0.6341333333333333,0.3532666666666667,0.102405
2016.0,321,0.34926666666666667,0.5110333333333333,0.7935,0.6628333333333334,0.18716666666666668
2016.0,322,0.32425,0.4534,0.7772,0.4806,0.219875
2016.0,323,0.3106,0.3003,0.6889,0.7726,0.2272
2016.0,324,0.1601,0.1104,0.252,0.3489,0.4159
2016.0,325,0.47294285714285716,0.6654571428571429,1.1002571428571428,0.6958285714285715,0.3453428571428571
2016.0,326,0.34555,0.4578,0.81775,0.5192,0.3174
2016.0,327,0.37195999999999996,0.47309999999999997,0.9235,0.54234,0.2858
2016.0,331,0.32292,0.32792,0.72824,0.74204,0.18411000000000002
2016.0,332,0.3512777777777778,0.4343777777777778,0.8559888888888889,0.5561333333333334,0.24688333333333334
2016.0,333,0.36497142857142856,0.4776142857142857,0.8918857142857143,0.5770142857142858,0.24100000000000002
2016.0,334,0.6253666666666666,1.0209833333333334,1.4983666666666666,0.6558333333333334,0.3250166666666667
2016.0,335,0.338075,0.461275,0.79325,0.509925,0.25775
2016.0,336,0.31998571428571426,0.3789142857142857,0.7494285714285713,0.44010000000000005,0.18397714285714287
2016.0,337,0.35169999999999996,0.43870000000000003,0.8892666666666665,0.5714333333333333,0.14049999999999999
2016.0,339,0.43195,0.62975,1.0975000000000001,0.4576,0.31645
2017.0,311,0.3184222222222222,0.39490000000000003,0.7597111111111112,0.5035555555555555,0.17496444444444442
2017.0,312,0.6417999999999999,0.8489500000000001,1.7334999999999998,0.494,0.42000000000000004
2017.0,313,0.25543333333333335,0.25393333333333334,0.5076999999999999,0.7613,0.25216666666666665
2017.0,314,0.35635,0.57375,0.8682,0.4116,0.22039999999999998
2017.0,315,0.34203333333333336,0.3331,0.7827999999999999,0.7243,0.2974333333333333
2017.0,316,0.2271,0.32639999999999997,0.5809666666666667,0.25146666666666667,0.13219666666666666
2017.0,321,0.3446666666666667,0.49913333333333326,0.8038,0.5933,0.239
2017.0,322,0.3322,0.48414999999999997,0.8278000000000001,0.4818,0.1694
2017.0,323,0.2997,0.3198,0.6796,0.6993,0.196
2017.0,324,0.1264,0.088,0.2592,0.3629,0.1846
2017.0,325,0.4614285714285714,0.6054571428571428,1.0564285714285713,0.7160142857142857,0.3826
2017.0,326,0.35165,0.43835,0.8337,0.5502,0.313
2017.0,327,0.36248,0.44623999999999997,0.89436,0.56054,0.324
2017.0,331,0.2993,0.31176000000000004,0.65188,0.6770400000000001,0.15199400000000002
2017.0,332,0.34584444444444445,0.4281,0.8281888888888889,0.5344666666666666,0.2861666666666667
2017.0,333,0.37588571428571427,0.4739857142857143,0.9133428571428571,0.6393142857142857,0.22642857142857142
2017.0,334,0.6238833333333333,0.9911,1.4438166666666667,0.6330166666666667,0.4532
2017.0,335,0.323075,0.4481,0.8100999999999999,0.41295000000000004,0.2457
2017.0,336,0.3140714285714286,0.4658142857142857,0.6985142857142856,0.49400000000000005,0.21178000000000002
2017.0,337,0.3295,0.44473333333333337,0.8372333333333334,0.5283333333333333,0.1502
2017.0,339,0.41025,0.5602,1.0444,0.4809,0.28265
2018.0,311,0.33089999999999997,0.39859999999999995,0.787,0.5373555555555556,0.1782211111111111
2018.0,312,0.6873499999999999,0.9505,1.8365,0.4593,0.42865
2018.0,313,0.27393333333333336,0.27376666666666666,0.5127333333333334,0.8498,0.17600000000000002
2018.0,314,0.3322,0.49055000000000004,0.7341,0.5858,0.1878
2018.0,315,0.3168666666666667,0.3506,0.7590333333333333,0.5450666666666667,0.24736666666666665
2018.0,316,0.32466666666666666,0.46209999999999996,0.7488333333333334,0.604,0.2657333333333333
2018.0,321,0.36556666666666665,0.5127,0.8505666666666668,0.6826666666666666,0.29683333333333334
2018.0,322,0.35425,0.5407,0.89545,0.46555,0.22305
2018.0,323,0.3207,0.3598,0.7459,0.7477,0.2317
2018.0,324,0.179,0.1458,0.3915,0.3192,0.1748
2018.0,325,0.4758428571428572,0.6343571428571428,1.1329857142857143,0.7273571428571428,0.37664285714285717
2018.0,326,0.3472,0.42900000000000005,0.8206500000000001,0.64615,0.26439999999999997
2018.0,327,0.35992,0.45824,0.8552199999999999,0.54868,0.34124
2018.0,331,0.30486,0.33902,0.70988,0.61708,0.15250400000000003
2018.0,332,0.3550444444444445,0.4464222222222223,0.8567555555555555,0.5897222222222223,0.2492488888888889
2018.0,333,0.3765428571428572,0.42565714285714285,0.9051,0.7122571428571429,0.23972857142857143
2018.0,334,0.6367666666666666,0.9362833333333332,1.4862166666666667,0.7304166666666667,0.5055999999999999
2018.0,335,0.345775,0.45552499999999996,0.83005,0.466825,0.304925
2018.0,336,0.3026857142857143,0.4484857142857143,0.6608571428571429,0.4934428571428571,0.2221142857142857
2018.0,337,0.3622666666666667,0.4888666666666667,0.8837,0.6142333333333333,0.1958
2018.0,339,0.42935,0.5667,1.0665,0.6306,0.30995
2019.0,311,0.3399666666666667,0.42060000000000003,0.8052222222222222,0.5810333333333334,0.1632
2019.0,312,0.7001,0.9049499999999999,1.8519999999999999,0.45940000000000003,0.3768
2019.0,313,0.2544666666666667,0.2689,0.5268,0.8859333333333334,0.18886666666666665
2019.0,314,0.358,0.52285,0.8419,0.5641,0.15960000000000002
2019.0,315,0.3449,0.36579999999999996,0.8137333333333333,0.6848666666666666,0.30393333333333333
2019.0,316,0.3315,0.4698,0.7687666666666667,0.7290333333333333,0.14817
2019.0,321,0.37543333333333334,0.4478,0.7967666666666666,0.9793666666666666,0.3211
2019.0,322,0.3739,0.5326500000000001,0.9096,0.45204999999999995,0.36495
2019.0,323,0.2987,0.3307,0.6571,0.7394,0.2112
2019.0,324,0.1796,0.1344,0.4057,0.3108,0.3182
2019.0,325,0.47824285714285714,0.641842857142857,1.1235428571428572,0.7781142857142856,0.39405714285714283
2019.0,326,0.34485,0.3615,0.7967500000000001,0.6207,0.24259999999999998
2019.0,327,0.3752,0.4904,0.9121400000000002,0.62434,0.33256
2019.0,331,0.31416000000000005,0.36108,0.7114,0.6296,0.14291399999999999
2019.0,332,0.3533,0.42211111111111116,0.8255333333333333,0.6617444444444445,0.25151111111111113
2019.0,333,0.3674,0.43752857142857143,0.8996714285714287,0.6082428571428571,0.19892857142857143
2019.0,334,0.6295833333333333,0.9418333333333334,1.56135,0.6387666666666667,0.4115166666666667
2019.0,335,0.326875,0.447075,0.7607,0.528425,0.2554
2019.0,336,0.3131285714285714,0.4383285714285714,0.7447285714285715,0.46877142857142856,0.20037
2019.0,337,0.3336333333333334,0.49573333333333336,0.8017666666666666,0.5535,0.21306666666666665
2019.0,339,0.39344999999999997,0.48819999999999997,0.9924,0.48729999999999996,0.3035
2020.0,311,0.3453555555555556,0.4227222222222222,0.8238,0.6042000000000001,0.15818777777777776
2020.0,312,0.6459,0.8628,1.6895,0.45519999999999994,0.50535
2020.0,313,0.2598666666666667,0.2515,0.5566,0.7066666666666667,0.15789333333333333
2020.0,314,0.3338,0.4279,0.84135,0.5003500000000001,0.11645
2020.0,315,0.3803,0.4325333333333334,0.9646666666666666,0.6449,0.4422
2020.0,316,0.3449,0.3857333333333333,0.9297333333333334,0.44799999999999995,0.14143333333333333
2020.0,321,0.41579999999999995,0.5875,0.9284666666666667,0.8239333333333333,0.28343333333333337
2020.0,322,0.4021,0.54055,0.95065,0.5139,0.36915000000000003
2020.0,323,0.3442,0.3692,0.7944,0.6829,0.2355
2020.0,324,0.2463,0.1667,0.4976,0.58,0.462
2020.0,325,0.4842714285714286,0.5866,1.1846999999999999,0.7411142857142857,0.448
2020.0,326,0.41979999999999995,0.4809,0.9938,0.6653,0.4122
2020.0,327,0.36728,0.46392000000000005,0.8845000000000001,0.5406000000000001,0.40736
2020.0,331,0.35862,0.40607999999999994,0.8557600000000001,0.646,0.22146
2020.0,332,0.3533,0.45444444444444443,0.841488888888889,0.6327444444444444,0.2363333333333333
2020.0,333,0.3727571428571429,0.4671571428571429,0.934,0.5620142857142857,0.21917142857142857
2020.0,334,0.6451166666666667,0.9586666666666667,1.5954166666666667,0.6202416666666667,0.41313333333333335
2020.0,335,0.34204999999999997,0.410375,0.8324,0.49829999999999997,0.179875
2020.0,336,0.3263285714285714,0.43494285714285713,0.7215571428571429,0.5419714285714285,0.24394285714285716
2020.0,337,0.34453333333333336,0.5119333333333334,0.8463666666666666,0.42133333333333334,0.25503333333333333
2020.0,339,0.4033,0.5688,1.0270000000000001,0.434,0.2694
