naics4,YEAR,sd,d7525,d9010,sd*,d7525*,d9010*
3111,1997,0.9392,1.186,2.497,0.8805,1.122,2.168
3111,1998,0.9816,1.511,2.534,0.9122,1.192,2.457
3111,1999,0.8502,1.031,2.249,0.8359,1.039,2.071
3111,2000,0.9543,1.316,2.778,0.8538,0.997,2.265
3111,2001,0.8793,1.181,2.191,0.8002,0.987,1.928
3111,2002,0.8123,1.137,1.976,0.7612,1.072,1.841
3111,2003,0.7793,0.974,1.948,0.7437,1.008,1.95
3111,2004,0.9203,1.45,2.219,0.8158,1.194,2.009
3111,2005,0.8642,1.261,2.349,0.7598,1.156,1.881
3111,2006,0.8272,1.27,2.167,0.7643,1.162,1.878
3111,2007,0.8797,1.356,2.317,0.8478,1.389,2.273
3111,2008,0.8794,1.21,2.354,0.8718,1.381,2.348
3111,2009,0.8973,1.312,2.389,0.9004,1.235,2.33
3111,2010,0.8795,1.246,2.502,0.8343,1.182,2.205
3111,2011,1.017,1.314,2.721,0.8978,1.12,2.368
3111,2012,0.9324,1.323,2.515,0.8289,1.082,2.229
3111,2013,1.018,1.437,2.714,0.8653,1.202,2.235
3111,2014,0.9001,1.226,2.335,0.8003,0.992,1.993
3111,2015,0.859,1.269,2.244,0.8575,1.149,2.254
3111,2016,0.8948,1.214,2.373,0.8553,1.299,2.352
3112,1997,0.8959,1.147,2.635,0.7484,0.904,1.94
3112,1998,0.9307,1.244,2.41,0.7509,0.904,1.849
3112,1999,0.8248,0.988,2.002,0.7387,1.013,1.867
3112,2000,0.7545,0.84,1.942,0.6896,0.917,1.708
3112,2001,0.8541,0.942,2.351,0.7467,0.961,1.832
3112,2002,0.8571,1.02,2.205,0.7935,1.073,2.036
3112,2003,0.9692,1.261,2.631,0.7874,0.904,2.051
3112,2004,0.7912,0.851,2.167,0.7724,0.906,1.962
3112,2005,0.8187,1,2.138,0.7728,0.99,2.133
3112,2006,0.8157,0.87,2.126,0.7904,0.958,2.147
3112,2007,0.909,1.167,2.385,0.8356,1.085,2.222
3112,2008,0.9283,1.213,2.636,0.867,1.129,2.336
3112,2009,0.8665,0.987,2.48,0.8239,1.035,2.176
3112,2010,0.9097,1.289,2.341,0.843,1.048,2.266
3112,2011,0.9662,1.416,2.632,0.8466,1.029,2.419
3112,2012,1.034,1.425,2.88,0.8784,1.157,2.364
3112,2013,0.981,1.278,2.576,0.8626,1.047,2.266
3112,2014,0.9743,1.273,2.558,0.8636,1.078,2.268
3112,2015,0.9731,1.22,2.548,0.8837,1.047,2.288
3112,2016,0.899,1.081,2.45,0.8452,0.939,2.218
3113,1997,0.7757,1.143,1.933,0.7824,1.167,2.088
3113,1998,0.7827,1.326,2.037,0.8398,1.308,2.253
3113,1999,1.039,1.541,2.815,0.9215,1.129,2.059
3113,2000,0.9332,1.163,2.554,0.815,1.1,2.185
3113,2001,0.9182,1.496,2.387,0.8651,1.366,2.288
3113,2002,0.9447,1.142,2.537,0.8972,1.241,2.234
3113,2003,0.8383,1.076,2.267,0.8646,1.243,2.143
3113,2004,0.8425,1.388,2.278,0.7216,1.078,1.892
3113,2005,0.8359,1.09,2.203,0.7308,1.127,1.936
3113,2006,0.7688,1.055,2.115,0.6866,1.084,1.817
3113,2007,0.811,1.085,2.068,0.7605,1.088,1.96
3113,2008,1.029,1.589,2.731,0.7979,1.127,2.112
3113,2009,0.8688,1.553,2.21,0.7424,0.937,1.924
3113,2010,1.022,1.267,2.619,0.7843,1.14,1.869
3113,2011,1.183,1.743,2.94,0.839,1.213,2.071
3113,2012,1.071,1.598,2.767,0.8003,1.153,1.913
3113,2013,0.9966,1.255,2.448,0.7699,1.043,1.945
3113,2014,1.029,1.676,2.588,0.7231,0.932,1.916
3113,2015,1.028,1.64,2.992,0.7213,0.997,1.945
3113,2016,1.154,1.558,3.492,0.7478,1.046,1.879
3114,1997,0.693,0.952,1.908,0.6955,0.995,1.837
3114,1998,0.6798,1.004,1.722,0.6809,0.976,1.795
3114,1999,0.6881,0.956,1.931,0.7011,0.876,1.788
3114,2000,0.8527,1.004,2.231,0.7159,0.9,1.815
3114,2001,0.7033,1.012,1.811,0.6721,0.848,1.708
3114,2002,0.6784,0.899,1.761,0.6493,0.871,1.634
3114,2003,0.6276,0.786,1.695,0.6073,0.706,1.581
3114,2004,0.5723,0.802,1.46,0.5795,0.829,1.551
3114,2005,0.5839,0.754,1.474,0.5656,0.744,1.466
3114,2006,0.6457,0.722,1.686,0.6021,0.694,1.593
3114,2007,0.7406,0.779,2.087,0.5897,0.663,1.522
3114,2008,0.7415,0.852,2.003,0.5679,0.625,1.51
3114,2009,0.5383,0.579,1.334,0.5178,0.606,1.258
3114,2010,0.6169,0.756,1.581,0.5523,0.575,1.373
3114,2011,0.7686,0.949,2.316,0.614,0.704,1.566
3114,2012,0.6464,0.802,1.756,0.6123,0.719,1.551
3114,2013,0.6092,0.674,1.682,0.5467,0.656,1.387
3114,2014,0.6283,0.753,1.478,0.5684,0.614,1.35
3114,2015,0.6845,0.962,1.687,0.5612,0.606,1.411
3114,2016,0.6169,0.906,1.537,0.5776,0.711,1.333
3115,1997,0.7115,0.959,1.884,0.6417,0.9,1.692
3115,1998,0.7328,0.908,1.994,0.6496,0.874,1.715
3115,1999,0.7489,1.045,1.941,0.6327,0.968,1.58
3115,2000,0.7274,0.982,1.962,0.6213,0.883,1.647
3115,2001,0.8174,1.173,2.149,0.6534,0.96,1.745
3115,2002,0.6976,0.997,1.976,0.6075,0.857,1.599
3115,2003,0.6767,0.882,1.824,0.5996,0.811,1.55
3115,2004,0.6421,0.899,1.701,0.588,0.802,1.494
3115,2005,0.6599,0.942,1.668,0.6035,0.834,1.551
3115,2006,0.6018,0.823,1.64,0.5834,0.863,1.557
3115,2007,0.7249,0.984,2.012,0.6139,0.815,1.641
3115,2008,0.7062,1.067,1.909,0.6217,0.889,1.669
3115,2009,0.6458,0.85,1.777,0.6255,0.968,1.716
3115,2010,0.6992,0.965,1.905,0.6378,0.962,1.767
3115,2011,0.7556,0.992,2.091,0.6755,1.039,1.871
3115,2012,0.7911,1.022,2.151,0.6734,0.976,1.815
3115,2013,0.7874,0.94,2.186,0.7038,0.952,1.919
3115,2014,0.7074,0.954,1.94,0.6491,0.901,1.762
3115,2015,0.7056,0.934,1.883,0.6397,0.944,1.675
3115,2016,0.7058,0.947,1.749,0.6458,0.94,1.696
3116,1997,0.7156,0.873,1.863,0.6184,0.898,1.494
3116,1998,0.7204,0.967,1.912,0.6158,0.895,1.534
3116,1999,0.7225,1.062,1.777,0.5868,0.885,1.459
3116,2000,0.7388,0.939,1.832,0.5913,0.894,1.426
3116,2001,0.6753,0.957,1.72,0.5723,0.889,1.402
3116,2002,0.7456,0.976,1.827,0.5742,0.837,1.442
3116,2003,0.6703,0.845,1.666,0.5713,0.776,1.396
3116,2004,0.5591,0.713,1.406,0.5309,0.776,1.392
3116,2005,0.6411,0.703,1.451,0.5623,0.809,1.344
3116,2006,0.6916,0.709,1.71,0.5835,0.772,1.363
3116,2007,0.6658,0.787,1.785,0.5766,0.719,1.331
3116,2008,0.6504,0.771,1.465,0.5493,0.633,1.329
3116,2009,0.6383,0.813,1.66,0.5577,0.774,1.316
3116,2010,0.6575,0.798,1.595,0.4989,0.75,1.21
3116,2011,0.6508,0.805,1.661,0.5068,0.709,1.182
3116,2012,0.7483,0.856,1.997,0.5201,0.605,1.219
3116,2013,0.7603,0.833,2.033,0.5305,0.61,1.243
3116,2014,0.6636,0.853,1.886,0.5194,0.627,1.304
3116,2015,0.7317,0.931,1.865,0.549,0.685,1.381
3116,2016,0.6703,0.806,1.816,0.5239,0.684,1.278
3117,1997,0.6744,0.944,1.805,0.7147,0.96,1.866
3117,1998,0.6008,0.861,1.492,0.6183,0.79,1.636
3117,1999,0.6166,0.881,1.524,0.6018,0.87,1.52
3117,2000,0.9681,0.953,2.705,0.8039,0.73,1.945
3117,2001,0.707,1.047,1.675,0.6962,0.865,1.706
3117,2002,0.7112,1.021,1.823,0.5959,0.796,1.468
3117,2003,0.7046,0.936,1.729,0.571,0.602,1.399
3117,2004,0.5219,0.548,1.271,0.5542,0.753,1.29
3117,2005,0.5734,0.617,1.33,0.5465,0.738,1.405
3117,2006,0.5953,0.738,1.446,0.531,0.763,1.32
3117,2007,0.7003,1.112,1.82,0.5897,0.998,1.508
3117,2008,0.6613,0.839,1.77,0.5266,0.601,1.426
3117,2009,0.5849,0.661,1.483,0.5682,0.708,1.508
3117,2010,0.7955,0.913,2.517,0.5537,0.67,1.503
3117,2011,0.6707,0.745,1.864,0.5788,0.61,1.493
3117,2012,0.7809,0.921,1.946,0.654,0.853,1.549
3117,2013,0.7953,0.967,1.801,0.6763,0.778,1.692
3117,2014,0.6845,0.81,1.752,0.6212,0.76,1.626
3117,2015,0.7025,0.965,1.682,0.581,0.833,1.395
3117,2016,0.7501,0.959,1.64,0.6334,0.835,1.649
3118,1997,0.6697,1.007,1.773,0.62,0.791,1.614
3118,1998,0.7651,1.056,2.039,0.7393,0.932,1.971
3118,1999,0.7023,0.947,1.74,0.7284,0.874,1.997
3118,2000,0.6951,0.904,1.698,0.7435,0.967,1.976
3118,2001,0.6883,0.878,1.664,0.7495,0.931,1.962
3118,2002,0.7281,0.972,1.724,0.7548,0.873,2.062
3118,2003,0.6624,0.9,1.604,0.7354,0.814,1.985
3118,2004,0.653,0.862,1.568,0.8279,1.15,2.139
3118,2005,0.685,0.82,1.725,0.8596,1.173,2.286
3118,2006,0.6875,0.87,1.725,0.8034,1.075,2.121
3118,2007,0.7635,0.983,1.843,0.8149,1.138,2.179
3118,2008,0.6982,0.865,1.662,0.8447,1.088,2.25
3118,2009,0.6964,0.865,1.676,0.8633,1.218,2.41
3118,2010,0.7204,0.864,1.754,0.8768,1.224,2.415
3118,2011,0.7416,0.923,1.857,0.8339,1.128,2.275
3118,2012,0.7433,1.085,1.813,0.849,1.152,2.337
3118,2013,0.7857,1.047,1.953,0.836,1.076,2.236
3118,2014,0.6849,0.866,1.785,0.8283,1.137,2.262
3118,2015,0.6931,0.757,1.691,0.8465,1.206,2.295
3118,2016,0.7126,0.856,1.793,0.8324,1.157,2.242
3119,1997,0.8145,1.074,2.076,0.8785,1.176,2.194
3119,1998,0.8058,1.145,2.086,0.8623,1.339,2.152
3119,1999,0.8677,1.125,2.315,0.8583,1.152,1.937
3119,2000,0.837,1.037,2.346,0.7887,1.027,1.838
3119,2001,0.8333,1.053,2.134,0.8202,1.246,2.15
3119,2002,0.8771,1.065,2.269,0.7885,1.077,1.958
3119,2003,0.789,1.014,1.847,0.7359,1.086,1.74
3119,2004,0.6205,0.43,1.609,0.7232,0.911,1.932
3119,2005,0.7026,0.913,1.828,0.7322,0.998,2.007
3119,2006,0.6096,0.467,1.483,0.7341,0.911,1.992
3119,2007,0.7649,1.007,1.933,0.7574,1.029,1.998
3119,2008,0.8749,1.339,2.165,0.7999,1.063,2.035
3119,2009,0.7799,0.985,2.178,0.7625,0.987,2.084
3119,2010,0.8669,1.067,2.369,0.7363,0.962,2.08
3119,2011,0.9209,1.206,2.379,0.7656,1.072,2.037
3119,2012,0.8326,1.123,2.117,0.7993,1.131,2.045
3119,2013,0.8406,1.112,2.19,0.7811,1.095,2.04
3119,2014,0.8742,1.129,2.311,0.7438,1.096,1.963
3119,2015,0.8825,1.071,2.265,0.7478,1.139,1.926
3119,2016,0.9173,1.173,2.329,0.7497,1.115,2.004
3121,1997,1.056,1.882,2.778,0.8819,1.275,2.418
3121,1998,0.9724,1.624,2.651,0.8941,1.252,2.504
3121,1999,0.9266,1.34,2.517,0.8501,1.27,2.222
3121,2000,0.9074,1.345,2.287,0.8369,1.249,2.272
3121,2001,0.9185,1.425,2.36,0.8601,1.29,2.342
3121,2002,0.9093,1.392,2.462,0.8272,1.272,2.108
3121,2003,0.8955,1.173,2.456,0.9537,1.352,2.431
3121,2004,1.014,1.446,2.627,0.8951,1.283,2.376
3121,2005,0.9638,1.392,2.644,0.9152,1.317,2.45
3121,2006,0.8985,1.331,2.471,0.8614,1.342,2.267
3121,2007,0.929,1.325,2.445,0.8758,1.438,2.229
3121,2008,0.8527,1.312,2.264,0.8601,1.338,2.29
3121,2009,0.9819,1.456,2.648,0.8556,1.139,2.119
3121,2010,0.9151,1.37,2.339,0.9114,1.268,2.336
3121,2011,1.072,1.484,2.688,1.003,1.483,2.506
3121,2012,0.9191,1.421,2.361,0.9418,1.429,2.512
3121,2013,0.9278,1.435,2.417,0.9538,1.366,2.491
3121,2014,0.9833,1.64,2.62,0.9129,1.367,2.445
3121,2015,0.8897,1.421,2.276,0.8951,1.396,2.324
3121,2016,0.8318,1.235,2.218,0.8194,1.13,2.063
3122,1997,0.9938,0.906,3.047,0.8927,0.679,2.185
3122,1998,1.124,2.042,2.816,0.7755,0.834,2.127
3122,1999,1.009,1.402,3.018,0.9069,1.163,2.17
3122,2000,0.9497,1.08,2.822,0.8627,1.449,2.372
3122,2001,0.8527,1.002,2.085,1.05,2.032,2.555
3122,2002,0.9097,1.145,3.059,0.8912,1.349,2.237
3122,2003,0.9098,1.332,2.549,1.009,1.891,2.517
3122,2004,0.9241,0.93,2.836,1.108,1.911,2.797
3122,2005,0.881,1.107,2.581,0.9761,1.59,2.412
3122,2006,0.8969,0.848,2.293,0.9613,1.682,2.325
3122,2007,0.9023,1.173,2.458,1.003,1.755,2.547
3122,2008,0.9317,1.073,2.819,0.9927,1.48,2.507
3122,2009,0.8485,0.584,2.29,0.9521,1.703,2.478
3122,2010,1.094,1.176,3,1.096,1.954,2.701
3122,2011,0.7531,0.76,1.754,0.9649,1.591,2.411
3122,2012,1.114,1.356,3.371,1.056,1.776,2.712
3122,2013,1.188,1.46,3.594,1.107,1.704,3.028
3122,2014,1.15,1.928,3.027,1.093,1.809,3.118
3122,2015,1.044,1.59,3.063,1.096,1.773,3.072
3122,2016,0.9567,1.393,2.469,1.101,1.969,2.891
3131,1997,0.592,0.917,1.553,0.5891,0.896,1.506
3131,1998,0.5601,0.868,1.393,0.5749,0.786,1.446
3131,1999,0.6781,0.945,1.746,0.6339,0.841,1.536
3131,2000,0.6258,0.895,1.682,0.5799,0.785,1.426
3131,2001,0.6736,0.938,1.507,0.6738,0.893,1.452
3131,2002,0.5748,0.745,1.582,0.499,0.75,1.306
3131,2003,0.5236,0.707,1.452,0.5228,0.791,1.325
3131,2004,0.5436,0.733,1.39,0.5071,0.699,1.268
3131,2005,0.6786,0.972,1.842,0.5487,0.667,1.428
3131,2006,0.752,1.033,2.24,0.5491,0.686,1.349
3131,2007,0.6203,0.947,1.634,0.5268,0.794,1.338
3131,2008,0.5202,0.745,1.214,0.4972,0.73,1.265
3131,2009,0.6427,1.016,1.655,0.5219,0.781,1.273
3131,2010,0.6417,0.897,1.568,0.5636,0.822,1.307
3131,2011,0.6525,0.659,1.789,0.5958,0.879,1.417
3131,2012,0.6939,0.995,1.802,0.5733,0.836,1.361
3131,2013,0.7351,1.065,1.851,0.5894,0.866,1.425
3131,2014,0.5406,0.764,1.298,0.534,0.779,1.345
3131,2015,0.5108,0.632,1.238,0.5275,0.797,1.269
3131,2016,0.5667,0.956,1.267,0.5199,0.726,1.314
3132,1997,0.6815,0.992,1.846,0.527,0.714,1.36
3132,1998,0.7402,1.009,1.948,0.5464,0.672,1.374
3132,1999,0.6872,1.01,1.779,0.4945,0.633,1.215
3132,2000,0.6466,0.873,1.78,0.5299,0.718,1.263
3132,2001,0.63,0.753,1.712,0.5025,0.705,1.214
3132,2002,0.6551,0.867,1.814,0.5285,0.679,1.225
3132,2003,0.6116,0.877,1.626,0.514,0.508,1.227
3132,2004,0.5966,0.833,1.446,0.5193,0.587,1.245
3132,2005,0.6141,0.702,1.614,0.5854,0.625,1.571
3132,2006,0.6994,0.901,1.763,0.645,0.7,1.641
3132,2007,0.7483,1.317,1.921,0.6505,0.798,1.764
3132,2008,0.638,0.875,1.572,0.6512,0.839,1.836
3132,2009,0.8474,0.969,2.452,0.7271,0.854,1.89
3132,2010,0.7785,1.029,2.214,0.705,0.853,1.806
3132,2011,0.6963,0.881,1.588,0.6433,0.752,1.616
3132,2012,0.7294,1.015,2.05,0.6341,0.852,1.432
3132,2013,0.7248,0.977,1.883,0.6375,0.764,1.484
3132,2014,0.6865,0.692,1.929,0.6724,0.931,1.62
3132,2015,0.7339,0.948,1.727,0.6286,0.957,1.526
3132,2016,0.6641,0.74,1.82,0.6352,0.853,1.701
3133,1997,0.6065,0.7,1.601,0.6298,0.791,1.648
3133,1998,0.7576,0.889,1.888,0.7018,0.868,1.755
3133,1999,0.7622,0.923,2.117,0.6911,0.933,1.701
3133,2000,0.8307,1.129,1.96,0.6953,0.884,1.782
3133,2001,0.6996,0.774,1.903,0.613,0.665,1.669
3133,2002,0.7011,0.683,2.052,0.6164,0.732,1.58
3133,2003,0.5889,0.641,1.633,0.5999,0.727,1.561
3133,2004,0.5706,0.854,1.378,0.5528,0.764,1.393
3133,2005,0.6749,0.855,1.888,0.6042,0.816,1.587
3133,2006,0.651,0.724,1.778,0.5938,0.687,1.47
3133,2007,0.6204,0.673,1.615,0.5652,0.719,1.427
3133,2008,0.6196,0.873,1.684,0.5642,0.718,1.528
3133,2009,0.6281,0.626,1.648,0.6133,0.715,1.576
3133,2010,0.7029,0.854,1.835,0.5938,0.798,1.485
3133,2011,0.5815,0.644,1.535,0.5433,0.664,1.291
3133,2012,0.6345,0.66,1.594,0.6022,0.873,1.519
3133,2013,0.6019,0.784,1.533,0.6424,0.819,1.607
3133,2014,0.5968,0.973,1.19,0.598,0.784,1.393
3133,2015,0.8166,0.839,2.469,0.5991,0.81,1.604
3133,2016,0.7797,0.871,2.45,0.5405,0.67,1.369
3141,1997,0.8396,1.079,2.279,0.7257,1.064,1.896
3141,1998,0.7488,1.032,2.029,0.7576,1.014,2.002
3141,1999,0.7599,1.107,2.316,0.9706,1.837,2.576
3141,2000,0.6889,0.916,1.713,0.6883,0.919,1.893
3141,2001,0.5949,0.779,1.492,0.6671,0.971,1.645
3141,2002,0.6307,0.712,1.768,0.6912,1.002,1.884
3141,2003,0.5807,0.728,1.459,0.6769,0.924,1.823
3141,2004,0.6683,0.73,1.949,0.7778,1.056,1.998
3141,2005,0.7272,0.861,2.022,0.853,1.246,2.245
3141,2006,0.6663,0.729,1.8,0.804,1.29,2.135
3141,2007,0.6604,0.758,1.511,0.743,1.02,2
3141,2008,0.7291,1.087,2.002,0.7406,0.943,1.949
3141,2009,0.6293,0.801,1.571,0.6922,0.845,2.014
3141,2010,0.5953,0.88,1.561,0.6473,0.909,1.788
3141,2011,0.6356,0.729,1.569,0.7178,0.989,1.809
3141,2012,0.5387,0.648,1.119,0.6786,0.902,1.774
3141,2013,0.5759,0.576,1.373,0.6848,0.984,1.82
3141,2014,0.6287,0.84,1.564,0.629,0.751,1.783
3141,2015,0.7272,0.939,1.896,0.7083,0.992,1.896
3141,2016,0.6387,0.9,1.579,0.6377,0.988,1.626
3149,1997,0.612,0.738,1.557,0.6163,0.833,1.596
3149,1998,0.6802,0.719,1.783,0.6571,0.966,1.743
3149,1999,0.6681,0.9,1.768,0.5981,0.667,1.618
3149,2000,0.6213,0.874,1.687,0.6117,0.957,1.6
3149,2001,0.5976,0.76,1.319,0.589,0.806,1.477
3149,2002,0.5608,0.724,1.407,0.5796,0.768,1.579
3149,2003,0.5392,0.715,1.395,0.5712,0.74,1.557
3149,2004,0.5051,0.548,1.288,0.5842,0.801,1.53
3149,2005,0.4962,0.567,1.2,0.5738,0.733,1.491
3149,2006,0.523,0.647,1.256,0.6059,0.78,1.517
3149,2007,0.6025,0.835,1.473,0.6744,0.94,1.827
3149,2008,0.6114,0.949,1.51,0.6304,0.931,1.659
3149,2009,0.6127,0.762,1.767,0.6274,0.818,1.682
3149,2010,0.6256,0.731,1.705,0.6416,0.881,1.688
3149,2011,0.646,0.85,1.648,0.6694,0.998,1.744
3149,2012,0.6337,0.65,1.668,0.6434,0.93,1.698
3149,2013,0.5406,0.563,1.292,0.6272,0.85,1.594
3149,2014,0.5802,0.734,1.557,0.6027,0.827,1.548
3149,2015,0.7258,0.981,1.813,0.6322,1.017,1.601
3149,2016,0.6662,1.001,1.606,0.6302,0.917,1.557
3151,1997,0.7152,0.742,1.846,0.6713,0.892,1.759
3151,1998,0.7554,1.026,1.955,0.6814,0.802,1.715
3151,1999,0.7082,0.808,1.799,0.5953,0.736,1.505
3151,2000,0.731,0.728,1.921,0.5813,0.605,1.456
3151,2001,0.639,0.77,1.69,0.5597,0.666,1.338
3151,2002,0.6604,0.819,1.337,0.5573,0.688,1.256
3151,2003,0.7354,0.749,2.052,0.592,0.573,1.395
3151,2004,0.7459,0.629,1.675,0.6136,0.707,1.61
3151,2005,0.5315,0.692,1.236,0.5189,0.684,1.179
3151,2006,0.4878,0.548,1.322,0.4947,0.626,1.002
3151,2007,0.6565,0.646,1.324,0.676,0.747,1.419
3151,2008,0.5949,0.667,1.125,0.5241,0.58,1.125
3151,2009,0.4994,0.616,0.993,0.4927,0.496,1.249
3151,2010,0.5282,0.691,1.132,0.4732,0.716,1.168
3151,2011,0.5459,0.821,1.181,0.5254,0.651,1.152
3151,2012,0.4471,0.656,1.182,0.4806,0.78,1.206
3151,2013,0.9146,1.702,2.349,0.6923,0.712,1.618
3151,2014,1.062,2.327,2.597,0.7374,0.685,2.113
3151,2015,0.4589,0.644,1.084,0.3722,0.426,1.09
3151,2016,0.439,0.496,1.175,0.4359,0.677,1.382
3152,1997,0.9667,1.26,2.4,0.9566,1.539,2.482
3152,1998,1.075,1.608,2.79,0.9864,1.59,2.577
3152,1999,1.095,1.585,2.88,1.004,1.545,2.648
3152,2000,1.086,1.487,2.898,1.046,1.485,2.697
3152,2001,1.015,1.639,2.578,1.002,1.627,2.497
3152,2002,0.9907,1.376,2.503,0.95,1.549,2.439
3152,2003,1.005,1.535,2.587,0.9333,1.543,2.467
3152,2004,0.9608,1.44,2.459,0.9088,1.524,2.331
3152,2005,0.8272,1.1,2.013,0.8656,1.268,2.175
3152,2006,0.7645,0.889,1.921,0.8461,1.137,2.384
3152,2007,0.8102,0.957,2.103,0.8172,1.057,2.17
3152,2008,0.871,1.245,2.289,0.8981,1.529,2.275
3152,2009,0.8449,1.092,2.123,0.8612,1.166,2.348
3152,2010,0.8256,1.051,2.277,0.8421,1.269,2.285
3152,2011,0.8025,1.174,2.158,0.8261,1.248,2.235
3152,2012,0.8236,1.275,2.215,0.7955,1.264,2.13
3152,2013,0.8163,1.144,1.99,0.8146,1.254,2.138
3152,2014,0.8826,1.233,2.336,0.7927,1.056,2.081
3152,2015,0.8426,1.212,2.42,0.7214,0.808,1.945
3152,2016,0.8719,1.449,2.306,0.7971,1.199,2.168
3159,1997,0.7403,0.801,1.766,0.7131,0.973,1.892
3159,1998,0.6486,0.783,1.808,0.6028,0.769,1.627
3159,1999,0.7648,1.174,1.796,0.6082,0.805,1.476
3159,2000,0.9467,1.438,2.3,0.6983,1.017,1.676
3159,2001,0.7817,1.047,2.29,0.6755,0.997,1.7
3159,2002,0.6831,1.122,1.755,0.6431,1.132,1.771
3159,2003,0.7054,0.584,2.136,0.6024,0.793,1.571
3159,2004,0.5195,0.528,1.456,0.5419,0.792,1.338
3159,2005,0.4822,0.795,1.136,0.482,0.827,1.197
3159,2006,0.4081,0.493,0.971,0.5289,0.725,1.523
3159,2007,0.5472,0.588,1.369,0.5511,0.901,1.521
3159,2008,0.4569,0.639,1.136,0.5479,0.804,1.522
3159,2009,0.405,0.401,0.936,0.497,0.455,1.057
3159,2010,0.4018,0.373,0.943,0.5129,0.764,1.132
3159,2011,0.6357,0.447,1.707,0.7159,0.731,2.013
3159,2012,0.4405,0.609,1.181,0.6941,0.922,1.697
3159,2013,0.4508,0.409,1.363,0.6095,0.738,1.707
3159,2014,0.6282,0.757,1.685,0.6395,0.765,1.676
3159,2015,0.5881,0.666,1.76,0.607,0.916,1.738
3159,2016,0.6159,0.793,1.999,0.6527,0.999,1.824
3161,1997,0.8817,1.664,2.243,0.7944,0.893,2.357
3161,1998,0.8315,1.032,2.28,0.6927,0.789,1.877
3161,1999,0.9049,1.348,2.02,0.753,0.638,2.09
3161,2000,0.627,0.743,1.719,0.651,0.814,1.585
3161,2001,0.6721,0.483,1.874,0.7107,0.783,2.2
3161,2002,0.8648,1.4,1.797,0.7195,0.969,1.642
3161,2003,0.6073,0.69,1.208,0.591,0.627,1.248
3161,2004,0.7523,0.876,2.147,0.6639,0.746,1.911
3161,2005,0.7983,1.27,2.079,0.6692,0.572,1.83
3161,2006,0.8056,0.952,1.775,0.6949,0.537,1.932
3161,2007,0.7007,0.434,1.365,0.6574,0.385,1.795
3161,2008,0.6779,0.993,1.51,0.5168,0.33,0.814
3161,2009,0.6984,1.419,1.656,0.7364,1.239,1.769
3161,2010,0.689,1.248,1.808,0.813,1.591,1.944
3161,2011,0.7313,1.449,1.67,0.8122,1.528,1.995
3161,2012,0.748,1.338,1.997,0.736,1.308,1.69
3161,2013,0.8225,1.445,1.968,0.7836,1.571,1.863
3161,2014,0.7215,0.907,1.921,0.7947,0.944,1.969
3161,2015,1.044,1.83,2.784,0.7467,1.407,1.966
3161,2016,0.9686,2.135,2.571,0.6941,1.434,1.607
3162,1997,0.5832,0.752,1.505,0.5673,0.734,1.432
3162,1998,0.6484,0.874,1.843,0.5904,0.8,1.466
3162,1999,0.5263,0.73,1.384,0.5083,0.671,1.408
3162,2000,0.7755,1.305,1.783,0.6089,0.688,1.484
3162,2001,0.4682,0.706,1.193,0.5469,0.68,1.481
3162,2002,0.5173,0.631,1.105,0.4857,0.676,1.287
3162,2003,0.8727,1.169,2.79,0.5905,0.786,1.598
3162,2004,0.7845,0.659,2.338,0.5763,0.873,1.309
3162,2005,0.6186,0.827,1.378,0.5319,0.954,1.333
3162,2006,0.6407,0.776,1.522,0.5505,0.653,1.395
3162,2007,0.6012,0.989,1.478,0.5083,0.762,1.293
3162,2008,0.5419,0.884,1.206,0.5177,0.652,1.308
3162,2009,0.5428,0.656,1.51,0.5474,0.732,1.379
3162,2010,0.5347,0.601,1.427,0.5452,0.822,1.242
3162,2011,0.4759,0.687,1.393,0.4421,0.466,1.043
3162,2012,0.4402,0.231,1.345,0.4152,0.552,1.048
3162,2013,0.5378,0.862,1.369,0.4522,0.486,1.069
3162,2014,0.4693,0.742,1.197,0.3696,0.464,0.965
3162,2015,0.5011,0.908,1.265,0.4161,0.62,1.126
3162,2016,0.3202,0.422,0.87,0.3464,0.551,0.805
3169,1997,0.51,0.409,1.571,0.5878,0.66,1.493
3169,1998,0.4567,0.732,1.115,0.6936,0.722,2.064
3169,1999,0.5411,0.559,1.396,0.5988,0.718,1.354
3169,2000,0.5954,0.563,1.404,0.703,0.674,1.687
3169,2001,0.7039,0.869,1.846,0.7103,0.869,1.867
3169,2002,0.6373,0.689,1.804,0.6166,0.654,1.409
3169,2003,0.5597,0.75,1.69,0.5233,0.38,1.373
3169,2004,0.5632,0.707,1.685,0.5886,0.588,1.425
3169,2005,0.5408,0.636,1.454,0.6332,0.787,1.801
3169,2006,0.6059,0.994,1.471,0.6262,0.789,1.644
3169,2007,0.6226,1.096,1.594,0.5761,0.744,1.571
3169,2008,0.5774,0.834,1.604,0.5029,0.78,1.244
3169,2009,0.4476,0.436,1.253,0.394,0.485,0.983
3169,2010,0.4072,0.684,0.975,0.4022,0.634,1.06
3169,2011,0.5256,0.659,1.457,0.5871,0.759,1.801
3169,2012,0.4675,0.668,1.047,0.4407,0.567,1.049
3169,2013,0.5728,0.739,1.47,0.4707,0.614,1.074
3169,2014,0.7293,1.013,1.974,0.5899,0.725,1.535
3169,2015,0.747,1.358,2.005,0.578,0.7,1.327
3169,2016,0.7747,1.255,1.999,0.6005,0.802,1.452
3211,1997,0.6592,0.872,1.642,0.6073,0.859,1.471
3211,1998,0.6685,0.837,1.689,0.5814,0.76,1.413
3211,1999,0.7559,0.992,2.014,0.6336,0.837,1.578
3211,2000,0.7788,1.036,2.053,0.6226,0.78,1.562
3211,2001,0.7764,1.069,1.915,0.615,0.764,1.501
3211,2002,0.7211,0.89,1.943,0.5929,0.705,1.396
3211,2003,0.6923,0.942,1.763,0.5701,0.709,1.463
3211,2004,0.7057,0.925,1.854,0.5796,0.748,1.483
3211,2005,0.7369,0.905,1.831,0.5869,0.715,1.46
3211,2006,0.7025,0.843,1.807,0.5565,0.639,1.432
3211,2007,0.7453,0.799,2.102,0.5681,0.658,1.347
3211,2008,0.6624,0.654,1.703,0.5605,0.633,1.238
3211,2009,0.7553,0.792,2.023,0.5677,0.625,1.367
3211,2010,0.6477,0.783,1.585,0.5072,0.608,1.215
3211,2011,0.6135,0.692,1.544,0.5098,0.645,1.266
3211,2012,0.623,0.698,1.584,0.5172,0.714,1.215
3211,2013,0.6581,0.97,1.806,0.5171,0.662,1.25
3211,2014,0.6815,0.944,1.904,0.5068,0.604,1.239
3211,2015,0.6293,0.73,1.589,0.5058,0.569,1.231
3211,2016,0.5978,0.828,1.409,0.5097,0.625,1.246
3212,1997,0.5337,0.628,1.452,0.421,0.571,1.105
3212,1998,0.4716,0.536,1.277,0.4461,0.609,1.171
3212,1999,0.5769,0.75,1.614,0.5076,0.703,1.298
3212,2000,0.5251,0.736,1.405,0.4797,0.684,1.285
3212,2001,0.5486,0.627,1.382,0.5047,0.687,1.262
3212,2002,0.4962,0.641,1.264,0.4962,0.695,1.301
3212,2003,0.5161,0.637,1.312,0.545,0.781,1.398
3212,2004,0.5643,0.756,1.466,0.5719,0.854,1.485
3212,2005,0.5546,0.752,1.552,0.5211,0.748,1.432
3212,2006,0.5225,0.656,1.361,0.5398,0.777,1.434
3212,2007,0.6394,0.872,1.656,0.5581,0.748,1.469
3212,2008,0.5957,0.717,1.586,0.5479,0.716,1.462
3212,2009,0.6632,0.709,1.912,0.5879,0.744,1.572
3212,2010,0.6157,0.648,1.531,0.5571,0.694,1.437
3212,2011,0.6747,0.629,1.435,0.5704,0.757,1.362
3212,2012,0.583,0.599,1.679,0.5637,0.783,1.529
3212,2013,0.5541,0.672,1.399,0.5627,0.753,1.502
3212,2014,0.5523,0.869,1.369,0.5277,0.777,1.345
3212,2015,0.6044,0.911,1.712,0.5613,0.754,1.518
3212,2016,0.6216,0.812,1.737,0.5633,0.75,1.481
3219,1997,0.5695,0.695,1.45,0.52,0.72,1.346
3219,1998,0.5751,0.719,1.557,0.5057,0.655,1.303
3219,1999,0.6322,0.816,1.65,0.5255,0.682,1.303
3219,2000,0.6167,0.763,1.611,0.5295,0.629,1.248
3219,2001,0.6023,0.778,1.51,0.5187,0.604,1.277
3219,2002,0.6364,0.822,1.664,0.5128,0.595,1.344
3219,2003,0.6047,0.77,1.537,0.5285,0.6,1.358
3219,2004,0.5981,0.735,1.508,0.5221,0.624,1.306
3219,2005,0.5481,0.692,1.427,0.5047,0.625,1.333
3219,2006,0.5788,0.773,1.477,0.533,0.667,1.381
3219,2007,0.6239,0.813,1.573,0.5635,0.697,1.457
3219,2008,0.628,0.698,1.568,0.5528,0.689,1.42
3219,2009,0.7026,0.898,1.759,0.577,0.695,1.421
3219,2010,0.6467,0.831,1.602,0.5729,0.668,1.468
3219,2011,0.6545,0.856,1.679,0.5806,0.71,1.492
3219,2012,0.7243,1.014,1.877,0.6024,0.77,1.511
3219,2013,0.7415,0.945,1.962,0.6126,0.788,1.514
3219,2014,0.7021,0.99,1.836,0.6033,0.832,1.541
3219,2015,0.7004,0.918,1.807,0.5983,0.777,1.469
3219,2016,0.7006,0.943,1.787,0.6109,0.803,1.606
3221,1997,0.431,0.576,1.182,0.3775,0.503,0.94
3221,1998,0.4569,0.603,1.192,0.3915,0.51,1.006
3221,1999,0.5384,0.663,1.26,0.4277,0.529,1.073
3221,2000,0.4947,0.719,1.361,0.4428,0.657,1.139
3221,2001,0.585,0.704,1.609,0.4632,0.543,1.175
3221,2002,0.5483,0.714,1.247,0.434,0.423,1.193
3221,2003,0.5289,0.626,1.342,0.4426,0.435,1.231
3221,2004,0.4832,0.586,1.186,0.44,0.508,1.124
3221,2005,0.506,0.623,1.332,0.4441,0.569,1.183
3221,2006,0.5429,0.633,1.63,0.4233,0.493,1.056
3221,2007,0.5139,0.687,1.289,0.4072,0.496,1.065
3221,2008,0.5076,0.69,1.324,0.4453,0.584,1.176
3221,2009,0.481,0.655,1.193,0.4504,0.622,1.18
3221,2010,0.5123,0.676,1.335,0.4558,0.544,1.162
3221,2011,0.526,0.73,1.499,0.4579,0.609,1.227
3221,2012,0.5131,0.634,1.17,0.448,0.544,1.199
3221,2013,0.4533,0.625,1.17,0.4084,0.472,1.049
3221,2014,0.4225,0.592,1.072,0.41,0.529,1.187
3221,2015,0.4809,0.654,1.389,0.4082,0.474,1.019
3221,2016,0.4976,0.659,1.178,0.4292,0.52,1.042
3222,1997,0.5747,0.775,1.495,0.527,0.666,1.274
3222,1998,0.576,0.811,1.499,0.5297,0.659,1.338
3222,1999,0.5947,0.737,1.449,0.5193,0.619,1.299
3222,2000,0.5397,0.666,1.339,0.5109,0.65,1.287
3222,2001,0.5438,0.687,1.371,0.5135,0.649,1.257
3222,2002,0.5442,0.709,1.36,0.5142,0.638,1.292
3222,2003,0.5157,0.696,1.262,0.5052,0.636,1.274
3222,2004,0.5778,0.728,1.45,0.5208,0.631,1.264
3222,2005,0.5396,0.698,1.292,0.5219,0.662,1.267
3222,2006,0.5814,0.721,1.404,0.5392,0.659,1.344
3222,2007,0.5919,0.796,1.509,0.5502,0.706,1.402
3222,2008,0.5682,0.705,1.52,0.5506,0.661,1.445
3222,2009,0.5839,0.72,1.512,0.5446,0.669,1.381
3222,2010,0.5766,0.727,1.499,0.5483,0.673,1.445
3222,2011,0.5684,0.77,1.497,0.5573,0.751,1.446
3222,2012,0.6117,0.859,1.59,0.5705,0.766,1.488
3222,2013,0.6609,0.899,1.713,0.59,0.799,1.54
3222,2014,0.5815,0.835,1.469,0.5575,0.749,1.485
3222,2015,0.6111,0.83,1.656,0.5671,0.756,1.493
3222,2016,0.6006,0.784,1.635,0.5571,0.746,1.489
3231,1997,0.5081,0.625,1.29,0.4967,0.598,1.236
3231,1998,0.5654,0.691,1.437,0.5215,0.658,1.302
3231,1999,0.5248,0.645,1.333,0.5127,0.631,1.288
3231,2000,0.5055,0.607,1.249,0.5015,0.591,1.247
3231,2001,0.5066,0.618,1.293,0.4927,0.602,1.23
3231,2002,0.5236,0.618,1.339,0.4982,0.58,1.272
3231,2003,0.4806,0.622,1.21,0.4788,0.592,1.197
3231,2004,0.4466,0.527,1.132,0.4648,0.564,1.204
3231,2005,0.4543,0.549,1.157,0.4631,0.55,1.158
3231,2006,0.461,0.585,1.094,0.4706,0.565,1.173
3231,2007,0.4911,0.56,1.187,0.4767,0.579,1.171
3231,2008,0.4777,0.565,1.203,0.465,0.566,1.175
3231,2009,0.4875,0.605,1.206,0.4655,0.577,1.165
3231,2010,0.4753,0.591,1.184,0.4568,0.568,1.14
3231,2011,0.4715,0.595,1.177,0.4553,0.573,1.132
3231,2012,0.4769,0.566,1.171,0.4633,0.573,1.186
3231,2013,0.5466,0.642,1.294,0.4688,0.583,1.17
3231,2014,0.5357,0.635,1.353,0.4614,0.585,1.105
3231,2015,0.4818,0.611,1.183,0.4561,0.566,1.121
3231,2016,0.5004,0.616,1.214,0.459,0.587,1.151
3241,1997,0.8684,1.142,2.389,1.021,1.652,2.583
3241,1998,0.8694,1.159,2.376,1.022,1.664,2.552
3241,1999,0.8642,1.128,2.272,1.06,1.733,2.66
3241,2000,0.902,1.261,2.352,1.093,1.804,2.693
3241,2001,0.9588,1.304,2.504,1.104,1.829,2.721
3241,2002,0.8588,1.17,2.26,1.02,1.655,2.627
3241,2003,0.8498,1.125,2.261,1.078,1.762,2.753
3241,2004,0.7732,1.051,1.995,1.046,1.786,2.725
3241,2005,0.8544,1.074,2.137,1.071,1.762,2.722
3241,2006,0.8666,1.194,2.285,1.099,1.923,2.755
3241,2007,0.9045,1.116,2.32,1.156,1.91,2.925
3241,2008,0.896,1.198,2.266,1.14,1.856,2.876
3241,2009,0.8796,1.013,2.186,1.125,1.813,2.773
3241,2010,0.8461,0.966,2.109,1.101,1.834,2.674
3241,2011,0.9304,0.999,2.277,1.204,1.977,3.001
3241,2012,0.9556,1.063,2.401,1.228,1.94,3
3241,2013,0.8879,1.007,2.166,1.236,1.991,3.006
3241,2014,0.8895,1.072,2.242,1.166,1.845,2.778
3241,2015,0.8072,0.987,2.133,0.9616,1.414,2.404
3241,2016,0.7832,0.933,2.034,0.9076,1.332,2.306
3251,1997,1.006,1.261,2.69,0.7826,1.012,1.874
3251,1998,0.9279,1.275,2.404,0.7769,1.031,1.904
3251,1999,0.9728,1.374,2.701,0.7437,1.009,1.797
3251,2000,0.9453,1.314,2.44,0.7733,0.983,1.95
3251,2001,0.9359,1.185,2.352,0.7539,1.068,1.737
3251,2002,0.8782,1.243,2.327,0.7458,1.005,1.936
3251,2003,0.8601,1.16,2.223,0.7622,0.97,2.057
3251,2004,0.9446,1.216,2.538,0.8303,1.029,2.028
3251,2005,0.9629,1.377,2.596,0.8604,1.188,2.178
3251,2006,0.9589,1.394,2.506,0.8618,1.233,2.175
3251,2007,0.9917,1.424,2.637,0.856,1.19,2.189
3251,2008,0.9408,1.306,2.379,0.8837,1.27,2.247
3251,2009,0.9083,1.389,2.325,0.8394,1.287,2.107
3251,2010,0.9743,1.472,2.524,0.9177,1.34,2.25
3251,2011,1.095,1.66,2.97,0.991,1.379,2.562
3251,2012,1.077,1.583,2.838,0.971,1.34,2.533
3251,2013,1.05,1.652,2.851,1.001,1.583,2.543
3251,2014,1.05,1.708,2.723,0.9972,1.556,2.622
3251,2015,0.9701,1.441,2.541,0.9292,1.432,2.366
3251,2016,0.9543,1.508,2.467,0.9242,1.414,2.435
3252,1997,0.9092,1.322,2.227,0.7312,1.054,1.907
3252,1998,0.8478,1.243,2.323,0.7015,0.975,1.841
3252,1999,0.8793,1.298,2.467,0.7173,0.993,1.795
3252,2000,0.9253,1.286,2.712,0.7417,0.959,1.93
3252,2001,0.9002,1.343,2.331,0.7276,0.978,1.792
3252,2002,0.8565,1.121,2.232,0.7143,0.939,1.738
3252,2003,0.9059,1.222,2.432,0.7946,1.143,2.046
3252,2004,0.8686,1.189,2.273,0.7758,1.051,1.99
3252,2005,0.8819,1.281,2.222,0.8079,1.086,1.987
3252,2006,0.9013,1.27,2.371,0.8396,1.222,2.173
3252,2007,1,1.511,2.49,0.9151,1.322,2.404
3252,2008,0.9363,1.328,2.413,0.8896,1.195,2.414
3252,2009,0.8802,1.207,2.105,0.8342,1.084,2.139
3252,2010,0.969,1.371,2.587,0.8684,1.187,2.187
3252,2011,1.067,1.478,2.967,0.9284,1.135,2.476
3252,2012,1.075,1.729,2.877,0.9553,1.14,2.65
3252,2013,1.009,1.431,2.725,0.9445,1.147,2.54
3252,2014,0.9426,1.355,2.463,0.8819,1.154,2.372
3252,2015,0.8865,1.25,2.396,0.8234,1.061,2.161
3252,2016,0.8774,1.183,2.369,0.8052,1.016,2.202
3253,1997,0.9623,1.38,2.714,0.8179,1.165,2.188
3253,1998,0.8529,1.079,2.18,0.8239,1.224,2.373
3253,1999,0.8607,1.171,2.224,0.8302,1.074,2.262
3253,2000,0.805,1.144,2.145,0.8145,1.054,2.232
3253,2001,0.7741,1.154,1.918,0.8012,0.982,2.199
3253,2002,0.7387,0.892,1.929,0.819,1.089,2.2
3253,2003,0.8283,1.09,2.104,0.8743,1.349,2.155
3253,2004,0.7408,0.774,2.069,0.8314,0.986,2.34
3253,2005,0.7391,0.826,1.865,0.7822,0.861,2.043
3253,2006,0.8476,1.173,2.374,0.7769,1.004,1.952
3253,2007,0.9642,1.44,2.536,0.9372,1.201,2.536
3253,2008,0.9988,1.317,2.749,0.992,1.292,2.766
3253,2009,0.8394,1.264,2.34,0.8311,1.301,2.257
3253,2010,0.8374,1.321,2.136,0.7496,1.039,1.962
3253,2011,0.9242,1.415,2.362,0.8413,1.134,2.24
3253,2012,0.868,1.226,2.021,0.8605,1.103,2.276
3253,2013,0.9315,1.396,2.336,0.9489,1.127,2.502
3253,2014,0.8191,1.056,2.072,0.8203,0.986,2.309
3253,2015,0.7946,1.07,2.222,0.7818,0.926,2.125
3253,2016,0.7477,1.173,1.719,0.7369,0.857,1.882
3254,1997,0.8297,0.972,2.05,0.8529,0.955,2.169
3254,1998,0.8098,0.893,1.907,0.8934,1.057,2.303
3254,1999,0.8887,1.005,2.011,0.8674,0.984,2.191
3254,2000,0.8446,0.94,1.983,0.9713,0.957,2.431
3254,2001,0.8739,0.868,2.252,1.025,1.06,2.741
3254,2002,0.9492,1.237,2.338,0.9604,1.204,2.586
3254,2003,0.8854,1.052,2.371,0.8781,1.039,2.347
3254,2004,0.9116,1.094,2.29,0.8533,1.135,2.312
3254,2005,0.9322,1.223,2.462,0.9008,1.022,2.519
3254,2006,0.9212,1.356,2.173,0.8802,1.057,1.966
3254,2007,0.9168,1.119,2.481,0.9027,1.152,2.412
3254,2008,0.805,1.196,1.938,0.8783,1.069,2.339
3254,2009,0.9097,1.177,2.224,0.8873,1.079,2.401
3254,2010,0.9223,1.128,2.254,0.8389,1.076,2.14
3254,2011,0.8394,1.19,2.074,0.836,0.959,2.341
3254,2012,0.8871,1.261,2.198,0.844,1.275,2.227
3254,2013,0.8781,1.094,2.257,0.8836,1.216,2.264
3254,2014,0.8393,1.111,2.019,0.8532,1.23,2.319
3254,2015,0.892,0.979,2.297,0.807,1.163,1.942
3254,2016,0.8036,0.958,1.985,0.8219,1.261,2.097
3255,1997,0.6672,0.877,1.862,0.6557,0.922,1.637
3255,1998,0.6834,0.859,1.889,0.6595,0.913,1.681
3255,1999,0.7342,0.954,1.827,0.659,0.868,1.703
3255,2000,0.7087,0.968,1.829,0.6755,0.889,1.701
3255,2001,0.6931,0.878,1.738,0.6918,0.885,1.783
3255,2002,0.781,1.037,2.087,0.7449,0.983,1.992
3255,2003,0.7068,0.808,1.945,0.7676,0.975,2.016
3255,2004,0.7072,0.942,1.869,0.7265,1.017,2.002
3255,2005,0.6359,0.797,1.641,0.6672,0.942,1.754
3255,2006,0.6432,0.765,1.661,0.6796,0.939,1.804
3255,2007,0.7258,0.877,2.002,0.7294,0.816,1.984
3255,2008,0.7259,0.987,1.775,0.7209,0.917,1.889
3255,2009,0.7809,1.144,2.168,0.7647,0.98,1.96
3255,2010,0.7821,0.977,2.125,0.7322,0.914,1.925
3255,2011,0.7268,1.076,2.046,0.6999,0.909,1.845
3255,2012,0.8452,1.09,2.424,0.7266,0.823,1.793
3255,2013,0.8179,1.065,2.152,0.7287,0.907,1.857
3255,2014,0.7045,0.864,1.8,0.6819,0.898,1.738
3255,2015,0.7734,1.132,2.115,0.6954,0.864,1.87
3255,2016,0.716,0.888,1.961,0.686,0.926,1.815
3256,1997,0.9198,1.214,2.453,0.9438,1.307,2.517
3256,1998,0.8176,1.138,2.105,0.8977,1.196,2.466
3256,1999,0.7766,0.955,1.934,0.8287,1.11,2.13
3256,2000,0.8524,1.143,2.328,0.8545,1.357,2.223
3256,2001,0.8485,1.167,2.206,0.8943,1.296,2.467
3256,2002,0.8959,1.291,2.348,0.9351,1.319,2.458
3256,2003,0.7852,0.935,2.045,0.9056,1.187,2.576
3256,2004,0.8546,1.078,2.019,0.8997,1.202,2.637
3256,2005,0.7973,1.228,2.088,0.8834,1.272,2.4
3256,2006,0.8683,1.424,2.187,0.8991,1.332,2.395
3256,2007,0.9208,1.289,2.354,0.9417,1.224,2.439
3256,2008,0.9042,1.099,2.45,0.9504,1.319,2.575
3256,2009,0.8722,1.365,2.3,0.8548,1.202,2.282
3256,2010,0.948,1.518,2.486,0.9097,1.177,2.34
3256,2011,0.8472,1.294,2.127,0.8774,1.189,2.291
3256,2012,1.006,1.437,2.751,0.9106,1.318,2.503
3256,2013,0.8665,1.217,2.288,0.92,1.314,2.441
3256,2014,0.8822,1.199,2.473,0.8604,1.133,2.293
3256,2015,0.92,1.427,2.5,0.8443,1.048,2.307
3256,2016,0.9269,1.354,2.345,0.862,1.126,2.144
3259,1997,0.8166,1.001,2.014,0.6776,0.774,1.718
3259,1998,0.851,1.245,2.205,0.6939,0.785,1.76
3259,1999,0.874,1.21,2.274,0.6785,0.786,1.759
3259,2000,0.836,1.169,2.134,0.6833,0.784,1.789
3259,2001,0.816,1.053,2.149,0.6422,0.715,1.593
3259,2002,0.7723,0.962,1.995,0.6462,0.725,1.698
3259,2003,0.7978,0.945,2.252,0.66,0.755,1.659
3259,2004,0.7636,0.893,2.088,0.6398,0.718,1.678
3259,2005,0.7851,0.926,2.15,0.63,0.765,1.683
3259,2006,0.7771,0.972,2.09,0.627,0.733,1.714
3259,2007,0.8012,1.02,2.034,0.7041,0.84,1.89
3259,2008,0.8274,1.037,2.221,0.7007,0.922,1.868
3259,2009,0.7719,0.982,2.067,0.6812,0.886,1.779
3259,2010,0.7782,0.892,2.092,0.6914,0.916,1.942
3259,2011,0.7843,0.913,2.015,0.7064,0.936,1.744
3259,2012,0.7996,0.807,2.112,0.7393,0.901,1.937
3259,2013,0.8067,0.971,2.132,0.7607,0.961,1.956
3259,2014,0.7934,1.152,2.192,0.6742,0.81,1.822
3259,2015,0.8959,1.177,2.437,0.7261,0.858,1.922
3259,2016,0.8157,1.165,2.294,0.7091,0.858,1.967
3261,1997,0.6077,0.787,1.558,0.5585,0.755,1.454
3261,1998,0.6022,0.809,1.548,0.5551,0.753,1.464
3261,1999,0.618,0.818,1.615,0.5639,0.718,1.449
3261,2000,0.6236,0.841,1.641,0.5689,0.736,1.438
3261,2001,0.6343,0.814,1.638,0.5712,0.749,1.469
3261,2002,0.6095,0.836,1.563,0.5555,0.757,1.422
3261,2003,0.6047,0.775,1.543,0.5543,0.734,1.414
3261,2004,0.5897,0.803,1.519,0.5346,0.708,1.371
3261,2005,0.6202,0.842,1.608,0.5517,0.724,1.416
3261,2006,0.609,0.83,1.601,0.5537,0.753,1.429
3261,2007,0.6371,0.836,1.685,0.5692,0.726,1.452
3261,2008,0.6304,0.836,1.654,0.5636,0.742,1.453
3261,2009,0.6073,0.776,1.571,0.5496,0.728,1.381
3261,2010,0.6165,0.809,1.618,0.5423,0.72,1.409
3261,2011,0.6078,0.773,1.578,0.5546,0.748,1.423
3261,2012,0.6476,0.825,1.734,0.564,0.729,1.43
3261,2013,0.6599,0.889,1.792,0.5605,0.725,1.449
3261,2014,0.6632,0.978,1.751,0.5608,0.768,1.447
3261,2015,0.6488,0.854,1.707,0.54,0.71,1.377
3261,2016,0.6401,0.881,1.664,0.5445,0.702,1.38
3262,1997,0.5072,0.723,1.323,0.5016,0.695,1.295
3262,1998,0.4944,0.675,1.286,0.5162,0.822,1.303
3262,1999,0.4624,0.607,1.283,0.4859,0.708,1.274
3262,2000,0.5805,0.702,1.453,0.5247,0.755,1.338
3262,2001,0.5305,0.682,1.325,0.5052,0.652,1.29
3262,2002,0.5062,0.675,1.368,0.4723,0.629,1.128
3262,2003,0.4948,0.674,1.244,0.4766,0.645,1.214
3262,2004,0.4827,0.623,1.244,0.4723,0.669,1.211
3262,2005,0.4606,0.662,1.162,0.4413,0.573,1.117
3262,2006,0.4723,0.567,1.193,0.473,0.614,1.167
3262,2007,0.4945,0.596,1.191,0.4727,0.617,1.171
3262,2008,0.4859,0.516,1.211,0.4848,0.639,1.217
3262,2009,0.5244,0.644,1.346,0.4787,0.653,1.173
3262,2010,0.5187,0.62,1.241,0.4584,0.571,1.181
3262,2011,0.5514,0.651,1.495,0.4966,0.649,1.287
3262,2012,0.5827,0.745,1.45,0.5412,0.727,1.458
3262,2013,0.5927,0.853,1.392,0.4973,0.642,1.308
3262,2014,0.5126,0.604,1.313,0.4965,0.617,1.323
3262,2015,0.4996,0.754,1.25,0.4975,0.638,1.256
3262,2016,0.504,0.682,1.321,0.493,0.595,1.234
3271,1997,0.5803,0.783,1.589,0.4996,0.602,1.201
3271,1998,0.5663,0.704,1.462,0.455,0.52,1.06
3271,1999,0.5473,0.65,1.392,0.4961,0.589,1.285
3271,2000,0.5956,0.88,1.475,0.4995,0.594,1.226
3271,2001,0.5871,0.706,1.656,0.5102,0.72,1.309
3271,2002,0.6658,0.895,1.698,0.5539,0.778,1.41
3271,2003,0.5665,0.723,1.516,0.5315,0.689,1.389
3271,2004,0.5869,0.874,1.544,0.5407,0.743,1.507
3271,2005,0.6145,0.911,1.596,0.5438,0.697,1.402
3271,2006,0.5877,0.697,1.672,0.5198,0.646,1.351
3271,2007,0.6925,0.903,1.812,0.6016,0.68,1.585
3271,2008,0.7366,0.867,2.026,0.6641,0.81,1.817
3271,2009,0.7287,0.933,1.94,0.6812,0.854,1.793
3271,2010,0.7022,0.805,1.98,0.642,0.778,1.732
3271,2011,0.6676,0.738,1.779,0.6542,0.783,1.686
3271,2012,0.8263,1.217,1.91,0.7528,1.034,1.948
3271,2013,0.7145,1.004,1.866,0.7063,0.926,1.807
3271,2014,0.712,1.019,1.934,0.6567,0.979,1.796
3271,2015,0.6399,0.869,1.767,0.6031,0.795,1.608
3271,2016,0.7541,0.945,2.164,0.6757,0.883,1.752
3272,1997,0.5269,0.831,1.349,0.4943,0.657,1.258
3272,1998,0.5905,0.92,1.564,0.4963,0.679,1.284
3272,1999,0.5867,0.895,1.646,0.4926,0.633,1.28
3272,2000,0.5953,1.021,1.465,0.5158,0.662,1.31
3272,2001,0.5322,0.703,1.316,0.538,0.737,1.356
3272,2002,0.61,0.861,1.506,0.5091,0.743,1.208
3272,2003,0.6288,0.822,1.53,0.518,0.806,1.273
3272,2004,0.5091,0.727,1.301,0.4735,0.686,1.211
3272,2005,0.5495,0.757,1.401,0.4855,0.732,1.244
3272,2006,0.5426,0.703,1.496,0.5118,0.764,1.282
3272,2007,0.5337,0.769,1.37,0.4858,0.684,1.175
3272,2008,0.5702,0.835,1.523,0.4718,0.634,1.142
3272,2009,0.5664,0.638,1.537,0.4635,0.575,1.099
3272,2010,0.6039,0.726,1.589,0.4855,0.583,1.259
3272,2011,0.587,0.684,1.558,0.4796,0.623,1.199
3272,2012,0.5547,0.773,1.467,0.4871,0.543,1.308
3272,2013,0.536,0.657,1.366,0.4684,0.592,1.17
3272,2014,0.5703,0.711,1.438,0.4878,0.607,1.207
3272,2015,0.5547,0.733,1.535,0.4557,0.524,1.175
3272,2016,0.5854,0.816,1.684,0.4573,0.525,1.21
3273,1997,0.7041,0.796,1.702,0.5823,0.723,1.47
3273,1998,0.7681,0.834,1.883,0.5891,0.738,1.495
3273,1999,0.8699,0.91,2.285,0.6584,0.78,1.598
3273,2000,0.8529,0.855,2.198,0.6209,0.778,1.503
3273,2001,0.819,0.853,2.019,0.6472,0.771,1.572
3273,2002,0.7727,0.761,1.915,0.6016,0.766,1.502
3273,2003,0.7234,0.744,1.756,0.5813,0.715,1.439
3273,2004,0.7002,0.773,1.627,0.5892,0.74,1.483
3273,2005,0.7605,0.766,1.969,0.6122,0.738,1.473
3273,2006,0.7302,0.766,1.678,0.591,0.676,1.426
3273,2007,0.8581,0.876,2.199,0.648,0.747,1.551
3273,2008,0.7707,0.832,1.902,0.6112,0.733,1.472
3273,2009,0.8079,0.909,2.002,0.6382,0.766,1.59
3273,2010,0.7723,0.882,1.885,0.5867,0.722,1.42
3273,2011,0.7403,0.773,1.822,0.5781,0.663,1.422
3273,2012,0.7573,0.842,1.799,0.6017,0.705,1.461
3273,2013,0.7338,0.862,1.857,0.6128,0.753,1.481
3273,2014,0.816,0.835,2.175,0.6003,0.654,1.4
3273,2015,0.8708,0.934,2.353,0.6295,0.752,1.55
3273,2016,0.9371,1.021,2.557,0.641,0.751,1.516
3274,1997,0.7047,0.927,1.981,0.4758,0.622,1.168
3274,1998,0.674,0.937,1.939,0.4978,0.631,1.292
3274,1999,0.5399,0.759,1.539,0.5108,0.784,1.31
3274,2000,0.4387,0.605,1.104,0.4239,0.594,1.065
3274,2001,0.419,0.651,1.151,0.4221,0.64,1.254
3274,2002,0.5588,0.733,1.485,0.5089,0.738,1.264
3274,2003,0.6125,0.697,1.9,0.5132,0.721,1.248
3274,2004,0.4767,0.765,1.238,0.4346,0.602,1.256
3274,2005,0.5537,0.614,1.364,0.4983,0.683,1.329
3274,2006,0.5745,0.62,1.429,0.5378,0.829,1.442
3274,2007,0.5019,0.554,1.426,0.4981,0.713,1.194
3274,2008,0.4849,0.574,1.224,0.4333,0.608,1.002
3274,2009,0.5367,0.76,1.474,0.4701,0.647,1.166
3274,2010,0.6191,0.802,1.818,0.5283,0.749,1.317
3274,2011,0.5162,0.706,1.371,0.4999,0.646,1.335
3274,2012,0.6937,1.094,1.902,0.5412,0.82,1.34
3274,2013,0.6453,0.968,1.653,0.582,0.751,1.393
3274,2014,0.68,0.871,1.733,0.5971,0.879,1.504
3274,2015,0.6133,0.917,1.556,0.5739,0.836,1.475
3274,2016,0.6207,0.75,1.555,0.5986,0.887,1.551
3279,1997,0.6124,0.888,1.49,0.5539,0.76,1.425
3279,1998,0.7155,0.875,1.757,0.6006,0.71,1.572
3279,1999,0.6885,0.972,1.865,0.6658,0.933,1.714
3279,2000,0.6463,0.861,1.637,0.6346,0.789,1.664
3279,2001,0.632,0.842,1.543,0.6149,0.8,1.578
3279,2002,0.6641,0.893,1.639,0.6378,0.906,1.641
3279,2003,0.6513,0.893,1.653,0.6287,0.889,1.607
3279,2004,0.6232,0.872,1.682,0.614,1.011,1.554
3279,2005,0.6848,0.957,1.78,0.6681,1.019,1.672
3279,2006,0.7093,1.008,1.871,0.6624,1.022,1.732
3279,2007,0.699,0.961,1.767,0.6594,1.004,1.623
3279,2008,0.7224,0.955,1.824,0.6867,0.94,1.667
3279,2009,0.6096,0.673,1.527,0.634,0.822,1.605
3279,2010,0.6258,0.694,1.488,0.6805,0.907,1.686
3279,2011,0.6389,0.691,1.543,0.6537,0.823,1.579
3279,2012,0.6159,0.694,1.551,0.6347,0.773,1.588
3279,2013,0.6263,0.688,1.596,0.6431,0.807,1.599
3279,2014,0.642,0.69,1.698,0.6322,0.839,1.523
3279,2015,0.6677,0.769,1.658,0.6271,0.858,1.505
3279,2016,0.6356,0.784,1.629,0.6382,0.823,1.514
3311,1997,0.5342,0.657,1.382,0.4085,0.381,1.078
3311,1998,0.7462,0.976,2.269,0.4013,0.283,1.091
3311,1999,0.6658,1.059,1.871,0.4349,0.399,1.163
3311,2000,0.81,1.284,2.109,0.4752,0.388,1.104
3311,2001,0.7516,1.172,1.875,0.4973,0.49,1.369
3311,2002,0.718,1.043,1.9,0.4745,0.352,1.201
3311,2003,0.6649,0.746,1.711,0.4358,0.502,0.995
3311,2004,0.6254,0.932,1.71,0.5433,0.781,1.246
3311,2005,0.6182,0.826,1.642,0.5096,0.524,1.193
3311,2006,0.6028,0.747,1.507,0.5113,0.52,1.312
3311,2007,0.6696,0.832,1.928,0.5303,0.623,1.35
3311,2008,0.6894,0.623,1.679,0.6686,0.84,1.672
3311,2009,0.7013,0.759,1.864,0.5659,0.755,1.459
3311,2010,0.8098,1.09,2.095,0.5373,0.628,1.263
3311,2011,0.8366,1.135,2.2,0.5801,0.693,1.288
3311,2012,0.8627,1.399,2.311,0.5459,0.656,1.289
3311,2013,0.8405,1.114,2.302,0.5649,0.637,1.349
3311,2014,0.748,0.92,2.049,0.5312,0.703,1.248
3311,2015,0.8041,1.072,2.243,0.5522,0.79,1.335
3311,2016,0.7883,1.279,2.167,0.524,0.652,1.379
3312,1997,0.6845,0.921,1.866,0.6342,1.011,1.631
3312,1998,0.6892,0.994,1.929,0.6418,0.986,1.737
3312,1999,0.6655,0.992,1.719,0.6131,0.906,1.541
3312,2000,0.6289,0.85,1.536,0.5862,0.858,1.513
3312,2001,0.5634,0.806,1.467,0.5566,0.763,1.535
3312,2002,0.6183,0.898,1.647,0.6354,0.867,1.712
3312,2003,0.6404,0.932,1.591,0.6225,0.862,1.63
3312,2004,0.6307,0.835,1.645,0.6217,0.792,1.605
3312,2005,0.6247,0.939,1.69,0.6227,0.83,1.689
3312,2006,0.6371,0.896,1.577,0.6622,0.847,1.717
3312,2007,0.7267,0.919,1.973,0.6608,0.871,1.674
3312,2008,0.7091,1.03,1.849,0.7742,1.044,2.097
3312,2009,0.7007,1.014,1.814,0.6844,0.862,1.81
3312,2010,0.686,0.973,1.655,0.7072,0.984,1.844
3312,2011,0.7526,1.186,1.901,0.6613,0.949,1.707
3312,2012,0.8167,1.2,2.213,0.6649,0.895,1.692
3312,2013,0.7919,1.012,2.209,0.6635,0.875,1.7
3312,2014,0.6731,0.917,1.702,0.628,0.844,1.585
3312,2015,0.7443,0.861,1.811,0.6469,0.744,1.659
3312,2016,0.8134,1.081,1.923,0.6501,0.775,1.721
3313,1997,0.8166,1.443,2.147,0.6682,0.958,1.766
3313,1998,0.7706,1.25,2.024,0.6423,0.904,1.622
3313,1999,0.7458,1.126,2.071,0.6411,0.912,1.611
3313,2000,0.7681,1.073,2.063,0.6477,0.921,1.665
3313,2001,0.7494,1.101,1.936,0.6437,0.942,1.67
3313,2002,0.7278,0.896,1.931,0.633,0.923,1.607
3313,2003,0.7065,0.981,1.876,0.691,1.105,1.677
3313,2004,0.7686,1.134,2.042,0.7611,1.197,1.984
3313,2005,0.8262,1.246,2.16,0.7612,1.142,2.027
3313,2006,0.7283,0.794,2.046,0.7313,1.067,1.891
3313,2007,0.8036,1.108,2.143,0.7854,1.156,1.974
3313,2008,0.8354,1.181,2.197,0.6922,1.043,1.744
3313,2009,0.7188,0.91,1.903,0.7154,1.071,1.917
3313,2010,0.822,1.309,2.163,0.7549,1.188,2.05
3313,2011,0.8168,1.202,2.145,0.7397,1.118,1.945
3313,2012,0.8326,1.055,2.226,0.7412,1.066,1.902
3313,2013,0.8119,1.004,2.199,0.7327,1.073,1.822
3313,2014,0.8383,1.185,2.256,0.7501,1.073,2.073
3313,2015,0.7911,1.096,2.187,0.698,0.924,1.844
3313,2016,0.8199,1.225,2.098,0.7002,0.881,1.904
3314,1997,0.7056,0.992,1.654,0.6408,0.734,1.501
3314,1998,0.8336,1.144,2.23,0.6771,0.831,1.6
3314,1999,0.8006,1.026,2.101,0.6718,0.698,1.54
3314,2000,0.7844,1.152,1.968,0.6293,0.677,1.437
3314,2001,0.7839,1.007,2.076,0.6585,0.719,1.569
3314,2002,0.7489,1.061,1.851,0.6172,0.631,1.345
3314,2003,0.689,0.712,1.671,0.6403,0.659,1.528
3314,2004,0.8437,1.202,2.04,0.7367,0.861,1.696
3314,2005,0.8673,1.118,2.19,0.7518,0.827,1.818
3314,2006,0.8905,1.144,2.4,0.7841,0.92,2.022
3314,2007,1.081,1.417,2.927,0.8348,1.007,2.182
3314,2008,0.9535,0.998,2.413,0.8023,0.86,1.945
3314,2009,0.9933,1.171,2.571,0.7989,0.915,1.738
3314,2010,1.049,1.491,2.679,0.7773,0.95,1.916
3314,2011,1.055,1.436,2.825,0.83,0.975,1.748
3314,2012,0.9933,1.214,2.439,0.7802,0.9,1.731
3314,2013,1.002,1.252,2.666,0.8031,0.893,1.825
3314,2014,0.9318,1.487,2.442,0.7806,0.968,1.897
3314,2015,0.9769,1.338,2.732,0.7353,0.958,1.83
3314,2016,0.9339,1.481,2.664,0.7385,0.926,1.849
3315,1997,0.463,0.645,1.241,0.4078,0.618,1.042
3315,1998,0.4774,0.569,1.4,0.4307,0.67,1.097
3315,1999,0.4956,0.624,1.267,0.4225,0.581,1.08
3315,2000,0.4878,0.645,1.16,0.4281,0.594,1.097
3315,2001,0.4414,0.623,1.148,0.4095,0.612,1.064
3315,2002,0.5213,0.677,1.364,0.4509,0.642,1.17
3315,2003,0.4579,0.549,1.155,0.4408,0.648,1.135
3315,2004,0.5554,0.683,1.396,0.4534,0.656,1.103
3315,2005,0.5597,0.691,1.564,0.4749,0.699,1.217
3315,2006,0.522,0.595,1.465,0.4632,0.671,1.226
3315,2007,0.5965,0.788,1.468,0.4993,0.678,1.184
3315,2008,0.5355,0.627,1.503,0.4721,0.571,1.113
3315,2009,0.532,0.619,1.365,0.4532,0.569,1.094
3315,2010,0.5194,0.612,1.417,0.4508,0.588,1.15
3315,2011,0.4989,0.657,1.365,0.4567,0.566,1.173
3315,2012,0.4757,0.7,1.265,0.4539,0.637,1.206
3315,2013,0.5206,0.72,1.425,0.5016,0.674,1.273
3315,2014,0.5194,0.71,1.327,0.4583,0.647,1.187
3315,2015,0.5463,0.806,1.467,0.49,0.738,1.194
3315,2016,0.539,0.644,1.514,0.4674,0.651,1.19
3321,1997,0.5608,0.693,1.402,0.5032,0.646,1.282
3321,1998,0.5604,0.695,1.45,0.4846,0.587,1.21
3321,1999,0.5569,0.743,1.454,0.4934,0.656,1.257
3321,2000,0.5797,0.769,1.452,0.4933,0.608,1.262
3321,2001,0.5574,0.715,1.433,0.4984,0.666,1.299
3321,2002,0.6626,0.791,1.746,0.5348,0.653,1.352
3321,2003,0.6262,0.751,1.71,0.5313,0.651,1.316
3321,2004,0.5579,0.731,1.429,0.5108,0.703,1.258
3321,2005,0.5792,0.74,1.482,0.5141,0.637,1.302
3321,2006,0.553,0.655,1.467,0.504,0.588,1.269
3321,2007,0.706,1.043,1.883,0.6135,0.796,1.531
3321,2008,0.6296,0.791,1.629,0.6031,0.712,1.498
3321,2009,0.5979,0.786,1.54,0.6012,0.808,1.555
3321,2010,0.6207,0.9,1.633,0.6017,0.803,1.547
3321,2011,0.6157,0.798,1.602,0.6209,0.853,1.523
3321,2012,0.6325,0.838,1.54,0.5975,0.824,1.562
3321,2013,0.6098,0.79,1.536,0.5941,0.812,1.523
3321,2014,0.6092,0.812,1.488,0.5973,0.837,1.542
3321,2015,0.6055,0.821,1.437,0.5806,0.774,1.429
3321,2016,0.5516,0.761,1.357,0.5504,0.751,1.381
3322,1997,0.5415,0.914,1.49,0.5192,0.804,1.347
3322,1998,0.6415,0.957,1.757,0.5273,0.794,1.393
3322,1999,0.5168,0.64,1.433,0.5608,0.794,1.481
3322,2000,0.4781,0.587,1.241,0.5309,0.731,1.509
3322,2001,0.4835,0.618,1.158,0.5532,0.711,1.391
3322,2002,0.5448,0.642,1.502,0.5547,0.75,1.476
3322,2003,0.4888,0.651,1.232,0.5184,0.771,1.242
3322,2004,0.4347,0.611,1.169,0.4773,0.643,1.333
3322,2005,0.5706,1.01,1.51,0.5265,0.717,1.403
3322,2006,0.5084,0.747,1.27,0.5195,0.751,1.428
3322,2007,0.5044,0.632,1.291,0.5764,0.801,1.638
3322,2008,0.5732,0.589,1.649,0.5305,0.688,1.328
3322,2009,0.4956,0.607,1.329,0.5197,0.659,1.388
3322,2010,0.4577,0.458,1.063,0.5511,0.672,1.367
3322,2011,0.5287,0.595,1.246,0.6067,0.731,1.65
3322,2012,0.5617,0.7,1.589,0.5607,0.5,1.41
3322,2013,0.5296,0.859,1.239,0.5339,0.626,1.46
3322,2014,0.4857,0.784,1.138,0.5131,0.646,1.293
3322,2015,0.5436,0.774,1.349,0.5553,0.822,1.486
3322,2016,0.643,0.772,1.972,0.5215,0.665,1.362
3323,1997,0.5856,0.666,1.506,0.5364,0.695,1.346
3323,1998,0.5855,0.721,1.45,0.5428,0.677,1.361
3323,1999,0.5972,0.74,1.524,0.5401,0.661,1.377
3323,2000,0.5643,0.699,1.446,0.5062,0.65,1.25
3323,2001,0.5972,0.751,1.544,0.5353,0.653,1.365
3323,2002,0.5794,0.726,1.521,0.5136,0.662,1.272
3323,2003,0.5724,0.743,1.524,0.5208,0.676,1.316
3323,2004,0.6203,0.842,1.553,0.5499,0.715,1.37
3323,2005,0.6121,0.777,1.592,0.5489,0.689,1.376
3323,2006,0.5918,0.748,1.572,0.5413,0.681,1.338
3323,2007,0.6423,0.844,1.683,0.5672,0.722,1.467
3323,2008,0.6565,0.822,1.684,0.5819,0.747,1.499
3323,2009,0.6505,0.833,1.643,0.5638,0.725,1.382
3323,2010,0.6081,0.764,1.621,0.5466,0.704,1.368
3323,2011,0.6392,0.796,1.645,0.5525,0.715,1.396
3323,2012,0.6414,0.854,1.636,0.5565,0.746,1.406
3323,2013,0.6144,0.79,1.539,0.5486,0.732,1.416
3323,2014,0.6213,0.885,1.562,0.5555,0.734,1.408
3323,2015,0.6776,0.902,1.745,0.5513,0.718,1.406
3323,2016,0.6449,0.898,1.667,0.5482,0.739,1.418
3324,1997,0.7027,0.939,1.981,0.7013,1.061,1.938
3324,1998,0.6971,1.027,1.775,0.6868,0.912,1.89
3324,1999,0.6659,0.953,1.659,0.6867,0.991,1.867
3324,2000,0.6931,0.954,1.836,0.6987,1.025,1.937
3324,2001,0.6796,0.951,1.842,0.71,1.028,1.955
3324,2002,0.7022,0.956,1.939,0.7355,1.055,2.03
3324,2003,0.6883,0.903,1.934,0.7209,1.086,2.063
3324,2004,0.7064,0.973,1.903,0.6779,1.004,1.787
3324,2005,0.6199,0.801,1.69,0.649,0.816,1.862
3324,2006,0.641,0.762,1.724,0.6536,0.85,1.838
3324,2007,0.6439,0.77,1.627,0.662,0.83,1.744
3324,2008,0.659,0.911,1.777,0.642,0.874,1.754
3324,2009,0.705,0.92,1.919,0.6853,0.974,1.863
3324,2010,0.6415,0.769,1.801,0.6563,0.957,1.783
3324,2011,0.6647,0.905,1.918,0.6549,1.008,1.764
3324,2012,0.6686,0.946,1.733,0.6652,0.87,1.765
3324,2013,0.6257,0.795,1.605,0.6731,0.942,1.823
3324,2014,0.6014,0.814,1.562,0.6326,0.905,1.677
3324,2015,0.6042,0.642,1.601,0.6501,0.915,1.794
3324,2016,0.6474,0.813,1.73,0.6964,0.915,1.952
3325,1997,0.5664,0.649,1.653,0.4532,0.564,1.09
3325,1998,0.6605,0.89,1.723,0.4646,0.55,1.174
3325,1999,0.6107,0.779,1.843,0.5005,0.774,1.244
3325,2000,0.532,0.84,1.459,0.5348,0.775,1.383
3325,2001,0.5648,0.819,1.365,0.5224,0.738,1.279
3325,2002,0.5509,0.76,1.403,0.5038,0.779,1.247
3325,2003,0.5468,0.834,1.378,0.5951,0.788,1.666
3325,2004,0.5421,0.746,1.353,0.5691,0.63,1.409
3325,2005,0.5552,0.723,1.46,0.4724,0.686,1.239
3325,2006,0.4659,0.495,1.266,0.4565,0.637,1.201
3325,2007,0.6081,0.937,1.565,0.5517,0.703,1.417
3325,2008,0.4958,0.458,1.217,0.4952,0.672,1.223
3325,2009,0.6044,0.726,1.633,0.5295,0.584,1.221
3325,2010,0.6054,0.681,1.602,0.5111,0.663,1.294
3325,2011,0.5603,0.764,1.437,0.5411,0.772,1.345
3325,2012,0.6245,0.766,1.73,0.5451,0.798,1.263
3325,2013,0.6152,0.94,1.598,0.4833,0.661,1.151
3325,2014,0.6089,0.835,1.662,0.4507,0.672,1.193
3325,2015,0.4671,0.663,1.193,0.4794,0.764,1.292
3325,2016,0.5936,1.028,1.625,0.439,0.697,1.055
3326,1997,0.6088,0.989,1.649,0.5457,0.721,1.42
3326,1998,0.5424,0.707,1.423,0.5147,0.678,1.386
3326,1999,0.5518,0.726,1.363,0.5024,0.66,1.23
3326,2000,0.5165,0.719,1.316,0.4786,0.668,1.161
3326,2001,0.5883,0.752,1.6,0.4917,0.699,1.182
3326,2002,0.4912,0.693,1.276,0.4611,0.585,1.189
3326,2003,0.5201,0.742,1.316,0.4707,0.646,1.128
3326,2004,0.5814,0.875,1.447,0.5232,0.733,1.268
3326,2005,0.5438,0.713,1.399,0.4761,0.658,1.066
3326,2006,0.573,0.779,1.643,0.4863,0.608,1.214
3326,2007,0.5906,0.72,1.378,0.5367,0.656,1.359
3326,2008,0.7035,0.838,2.071,0.5708,0.714,1.34
3326,2009,0.557,0.664,1.423,0.4779,0.526,1.234
3326,2010,0.5274,0.651,1.374,0.4977,0.577,1.235
3326,2011,0.5282,0.676,1.423,0.4577,0.474,1.174
3326,2012,0.6618,0.681,1.748,0.5012,0.552,1.217
3326,2013,0.5944,0.619,1.572,0.4813,0.555,1.152
3326,2014,0.5418,0.741,1.393,0.4875,0.62,1.215
3326,2015,0.5627,1,1.425,0.4931,0.704,1.329
3326,2016,0.5353,0.782,1.351,0.4879,0.642,1.196
3327,1997,0.4369,0.492,1.079,0.4462,0.553,1.09
3327,1998,0.4955,0.614,1.263,0.4675,0.558,1.15
3327,1999,0.5236,0.583,1.252,0.4913,0.567,1.181
3327,2000,0.5387,0.61,1.313,0.4797,0.554,1.155
3327,2001,0.5445,0.66,1.303,0.4499,0.555,1.103
3327,2002,0.5371,0.684,1.414,0.4756,0.569,1.175
3327,2003,0.4652,0.566,1.172,0.4452,0.55,1.082
3327,2004,0.431,0.482,1.066,0.4601,0.526,1.134
3327,2005,0.4685,0.514,1.139,0.4367,0.536,1.071
3327,2006,0.4563,0.499,1.103,0.4338,0.512,1.093
3327,2007,0.5453,0.612,1.289,0.4695,0.58,1.147
3327,2008,0.4635,0.531,1.139,0.4456,0.566,1.127
3327,2009,0.4942,0.561,1.25,0.4718,0.594,1.169
3327,2010,0.469,0.541,1.166,0.4481,0.532,1.179
3327,2011,0.4411,0.517,1.113,0.4429,0.537,1.123
3327,2012,0.4599,0.569,1.124,0.4419,0.568,1.099
3327,2013,0.4643,0.551,1.153,0.4416,0.544,1.097
3327,2014,0.432,0.492,1.068,0.4205,0.526,1.061
3327,2015,0.4175,0.514,1.014,0.4306,0.529,1.077
3327,2016,0.4539,0.536,1.109,0.4423,0.528,1.105
3328,1997,0.5213,0.658,1.24,0.5915,0.628,1.437
3328,1998,0.5931,0.647,1.347,0.647,0.66,1.585
3328,1999,0.6123,0.632,1.389,0.582,0.586,1.314
3328,2000,0.5567,0.637,1.278,0.6415,0.707,1.488
3328,2001,0.5615,0.645,1.392,0.6186,0.66,1.463
3328,2002,0.6128,0.619,1.476,0.6521,0.635,1.505
3328,2003,0.5893,0.674,1.37,0.661,0.69,1.603
3328,2004,0.6977,0.669,1.648,0.6728,0.627,1.54
3328,2005,0.7081,0.748,1.709,0.6775,0.717,1.563
3328,2006,0.683,0.745,1.79,0.6771,0.721,1.615
3328,2007,0.7316,0.872,1.895,0.686,0.762,1.653
3328,2008,0.7768,0.818,1.818,0.7184,0.752,1.682
3328,2009,0.7037,0.881,1.778,0.6829,0.76,1.651
3328,2010,0.7437,0.951,1.78,0.7583,0.865,1.818
3328,2011,0.7598,0.85,1.788,0.7451,0.844,1.788
3328,2012,0.703,0.888,1.882,0.6951,0.81,1.681
3328,2013,0.6751,0.858,1.674,0.7007,0.804,1.663
3328,2014,0.7093,0.825,1.703,0.6633,0.658,1.593
3328,2015,0.7726,0.989,2.164,0.6586,0.753,1.628
3328,2016,0.8096,0.957,2.065,0.6481,0.713,1.523
3329,1997,0.5735,0.75,1.521,0.5044,0.63,1.294
3329,1998,0.5864,0.709,1.531,0.5462,0.676,1.451
3329,1999,0.5329,0.685,1.318,0.4971,0.637,1.295
3329,2000,0.5791,0.684,1.434,0.5269,0.644,1.343
3329,2001,0.5292,0.752,1.367,0.5082,0.652,1.317
3329,2002,0.6852,0.894,1.997,0.5236,0.61,1.336
3329,2003,0.5918,0.72,1.567,0.5208,0.656,1.359
3329,2004,0.5547,0.679,1.401,0.5112,0.655,1.291
3329,2005,0.57,0.773,1.444,0.5102,0.622,1.351
3329,2006,0.5034,0.641,1.309,0.5033,0.647,1.333
3329,2007,0.5976,0.833,1.516,0.54,0.693,1.344
3329,2008,0.5939,0.732,1.452,0.5648,0.708,1.403
3329,2009,0.5805,0.698,1.376,0.5404,0.7,1.378
3329,2010,0.6178,0.785,1.622,0.5377,0.671,1.351
3329,2011,0.6682,0.857,1.664,0.5488,0.693,1.454
3329,2012,0.6594,0.863,1.637,0.566,0.7,1.467
3329,2013,0.6212,0.807,1.586,0.5616,0.756,1.488
3329,2014,0.5361,0.705,1.34,0.5293,0.701,1.348
3329,2015,0.5685,0.775,1.556,0.538,0.735,1.443
3329,2016,0.5834,0.784,1.488,0.5537,0.759,1.453
3331,1997,0.6207,0.7,1.502,0.683,0.937,1.795
3331,1998,0.6164,0.798,1.51,0.7142,0.915,2.022
3331,1999,0.6413,0.845,1.738,0.685,1.082,1.892
3331,2000,0.5804,0.63,1.397,0.6507,0.951,1.773
3331,2001,0.6507,0.767,1.666,0.6583,0.965,1.861
3331,2002,0.7185,1.046,1.828,0.6542,1.008,1.737
3331,2003,0.6269,0.719,1.497,0.6524,0.846,1.78
3331,2004,0.6217,0.891,1.501,0.658,0.883,1.622
3331,2005,0.7006,1.003,1.758,0.6928,0.908,1.945
3331,2006,0.6544,0.733,1.981,0.6637,0.948,1.839
3331,2007,0.7595,1,2.121,0.6939,0.899,1.858
3331,2008,0.7161,0.936,1.952,0.6779,0.972,1.764
3331,2009,0.6474,0.811,1.725,0.6463,0.892,1.679
3331,2010,0.6786,0.912,1.819,0.6651,0.965,1.802
3331,2011,0.6504,0.859,1.733,0.6603,1.007,1.798
3331,2012,0.7703,0.967,2.165,0.748,1.219,1.94
3331,2013,0.8922,0.977,2.386,0.7637,0.971,2.019
3331,2014,0.8244,1.101,2.25,0.7142,0.929,1.928
3331,2015,0.7452,1.151,1.937,0.7284,1.169,2.015
3331,2016,0.9298,1.444,2.116,0.7502,1.098,1.98
3332,1997,0.5427,0.674,1.459,0.5832,0.76,1.527
3332,1998,0.6228,0.784,1.567,0.5512,0.681,1.422
3332,1999,0.5852,0.8,1.561,0.527,0.76,1.29
3332,2000,0.5797,0.647,1.434,0.6372,0.766,1.744
3332,2001,0.5224,0.7,1.328,0.5469,0.671,1.491
3332,2002,0.6228,0.773,1.621,0.577,0.72,1.489
3332,2003,0.637,0.817,1.781,0.5475,0.745,1.402
3332,2004,0.5122,0.663,1.329,0.5333,0.648,1.338
3332,2005,0.528,0.692,1.4,0.5023,0.596,1.299
3332,2006,0.525,0.695,1.303,0.6153,0.699,1.402
3332,2007,0.6119,0.663,1.588,0.577,0.696,1.492
3332,2008,0.5742,0.713,1.468,0.5542,0.723,1.4
3332,2009,0.5732,0.829,1.508,0.5064,0.637,1.31
3332,2010,0.5364,0.688,1.318,0.5641,0.706,1.371
3332,2011,0.5319,0.62,1.246,0.5412,0.68,1.413
3332,2012,0.5772,0.761,1.48,0.5876,0.697,1.556
3332,2013,0.6043,0.693,1.482,0.5956,0.704,1.469
3332,2014,0.6299,0.71,1.643,0.5579,0.67,1.398
3332,2015,0.6498,0.855,1.703,0.5945,0.724,1.403
3332,2016,0.6239,0.805,1.537,0.5877,0.72,1.419
3333,1997,0.7137,0.805,1.634,0.7146,0.796,1.601
3333,1998,0.5548,0.716,1.545,0.5738,0.703,1.452
3333,1999,0.5412,0.661,1.299,0.5848,0.684,1.351
3333,2000,0.6101,0.801,1.362,0.6251,0.742,1.382
3333,2001,0.4922,0.609,1.262,0.5447,0.632,1.34
3333,2002,0.6372,0.785,1.442,0.5891,0.587,1.435
3333,2003,0.5729,0.836,1.491,0.5388,0.689,1.274
3333,2004,0.4883,0.594,1.083,0.4884,0.529,1.116
3333,2005,0.6179,0.67,1.675,0.5044,0.544,1.254
3333,2006,0.5546,0.611,1.308,0.5026,0.648,1.236
3333,2007,0.6061,0.687,1.667,0.5163,0.617,1.208
3333,2008,0.5303,0.677,1.439,0.5121,0.607,1.236
3333,2009,0.5119,0.609,1.41,0.4783,0.577,1.136
3333,2010,0.4705,0.521,1.162,0.4499,0.531,1.163
3333,2011,0.502,0.593,1.405,0.482,0.57,1.236
3333,2012,0.65,0.743,1.651,0.4952,0.561,1.232
3333,2013,0.6098,0.799,1.63,0.5401,0.674,1.387
3333,2014,0.627,0.916,1.428,0.5326,0.717,1.277
3333,2015,0.585,0.821,1.659,0.5455,0.64,1.436
3333,2016,0.5645,0.698,1.442,0.5355,0.673,1.347
3334,1997,0.5776,0.76,1.444,0.4939,0.721,1.172
3334,1998,0.6124,0.727,1.726,0.533,0.752,1.248
3334,1999,0.4875,0.634,1.123,0.4841,0.723,1.2
3334,2000,0.5063,0.598,1.227,0.5074,0.696,1.291
3334,2001,0.5531,0.676,1.304,0.5233,0.743,1.257
3334,2002,0.5916,0.629,1.45,0.52,0.662,1.365
3334,2003,0.5317,0.638,1.31,0.5313,0.63,1.386
3334,2004,0.4721,0.601,1.139,0.5448,0.699,1.505
3334,2005,0.4781,0.611,1.265,0.5305,0.725,1.387
3334,2006,0.4749,0.596,1.175,0.5173,0.737,1.397
3334,2007,0.5458,0.644,1.458,0.5369,0.663,1.459
3334,2008,0.4963,0.495,1.186,0.553,0.66,1.455
3334,2009,0.5217,0.646,1.46,0.5372,0.677,1.448
3334,2010,0.5516,0.659,1.458,0.5421,0.673,1.472
3334,2011,0.5595,0.789,1.52,0.5447,0.731,1.563
3334,2012,0.5564,0.697,1.492,0.5574,0.762,1.427
3334,2013,0.5835,0.767,1.427,0.5689,0.779,1.444
3334,2014,0.5353,0.704,1.312,0.5455,0.836,1.28
3334,2015,0.5106,0.678,1.194,0.5262,0.659,1.362
3334,2016,0.5947,0.864,1.65,0.5535,0.648,1.416
3335,1997,0.4509,0.52,1.197,0.4505,0.569,1.123
3335,1998,0.4883,0.563,1.188,0.4602,0.537,1.133
3335,1999,0.4718,0.578,1.163,0.4668,0.535,1.142
3335,2000,0.4917,0.586,1.222,0.4523,0.532,1.131
3335,2001,0.5209,0.633,1.321,0.4689,0.576,1.181
3335,2002,0.5225,0.637,1.392,0.4606,0.53,1.132
3335,2003,0.5192,0.618,1.3,0.4658,0.536,1.207
3335,2004,0.461,0.516,1.146,0.4437,0.52,1.092
3335,2005,0.4039,0.495,0.993,0.4174,0.538,1.054
3335,2006,0.4017,0.484,1.01,0.4146,0.522,1.085
3335,2007,0.4538,0.565,1.113,0.4304,0.561,1.092
3335,2008,0.4491,0.562,1.083,0.4367,0.505,1.115
3335,2009,0.479,0.521,1.179,0.4468,0.509,1.103
3335,2010,0.4632,0.507,1.082,0.4548,0.552,1.103
3335,2011,0.4447,0.528,1.116,0.441,0.58,1.118
3335,2012,0.4828,0.581,1.146,0.4318,0.544,1.065
3335,2013,0.4649,0.638,1.129,0.4509,0.57,1.093
3335,2014,0.472,0.533,1.198,0.4287,0.527,1.05
3335,2015,0.4688,0.63,1.172,0.4625,0.611,1.157
3335,2016,0.5052,0.624,1.235,0.4917,0.597,1.216
3336,1997,0.581,0.873,1.624,0.6298,0.998,1.621
3336,1998,0.5856,0.714,1.722,0.6769,1.095,1.755
3336,1999,0.6292,1.007,1.491,0.7244,1.114,1.849
3336,2000,0.6263,0.629,1.66,0.7217,1.09,1.914
3336,2001,0.6496,0.736,1.569,0.7926,1.004,1.981
3336,2002,0.6985,0.91,1.768,0.6739,1.072,1.526
3336,2003,0.7226,0.78,1.791,0.7366,1.075,1.94
3336,2004,0.6026,0.617,1.342,0.7194,1.03,1.964
3336,2005,0.6502,0.794,1.664,0.687,0.98,1.746
3336,2006,0.6842,1.14,1.682,0.6696,0.905,1.894
3336,2007,0.6619,0.957,1.677,0.6543,0.995,1.669
3336,2008,0.6474,0.732,1.59,0.6439,0.852,1.638
3336,2009,0.7153,0.72,1.889,0.6692,0.837,1.811
3336,2010,0.7958,1.287,2.118,0.7147,0.993,1.837
3336,2011,0.7989,0.998,2.138,0.7397,0.957,1.971
3336,2012,0.7906,0.985,1.835,0.8194,1.09,2.185
3336,2013,0.6816,0.855,1.646,0.8102,1.123,2.08
3336,2014,0.6262,0.877,1.594,0.7525,1.129,2.083
3336,2015,0.6244,0.663,1.609,0.7895,1.277,2.161
3336,2016,0.6126,0.871,1.384,0.8002,1.044,2.228
3339,1997,0.5868,0.75,1.503,0.5193,0.672,1.355
3339,1998,0.6323,0.718,1.539,0.5653,0.728,1.337
3339,1999,0.5159,0.645,1.312,0.5102,0.66,1.276
3339,2000,0.5318,0.764,1.35,0.5415,0.753,1.329
3339,2001,0.5531,0.707,1.469,0.5152,0.653,1.363
3339,2002,0.5351,0.641,1.363,0.5144,0.607,1.304
3339,2003,0.5585,0.635,1.452,0.5311,0.623,1.313
3339,2004,0.5253,0.675,1.389,0.4914,0.637,1.301
3339,2005,0.5402,0.596,1.384,0.5078,0.622,1.305
3339,2006,0.5895,0.788,1.598,0.5036,0.666,1.332
3339,2007,0.5652,0.686,1.407,0.5142,0.673,1.366
3339,2008,0.5543,0.668,1.312,0.5443,0.7,1.359
3339,2009,0.5238,0.681,1.253,0.5445,0.718,1.349
3339,2010,0.5259,0.693,1.407,0.5296,0.695,1.295
3339,2011,0.5346,0.668,1.319,0.5187,0.688,1.345
3339,2012,0.5477,0.745,1.435,0.5273,0.72,1.353
3339,2013,0.557,0.722,1.471,0.536,0.703,1.366
3339,2014,0.5715,0.759,1.399,0.5329,0.748,1.416
3339,2015,0.5983,0.788,1.535,0.5428,0.721,1.427
3339,2016,0.554,0.686,1.39,0.5608,0.729,1.469
3341,1997,0.8228,1.068,2.01,0.8638,1.009,2.161
3341,1998,1.228,1.098,3.248,1.417,2.753,3.723
3341,1999,1.004,1.236,2.591,1.001,0.968,2.62
3341,2000,0.8408,1.272,2.203,1.129,1.361,3.446
3341,2001,0.9408,1.319,2.534,1.266,1.54,3.583
3341,2002,0.9698,1.167,2.942,1.512,2.353,3.927
3341,2003,0.9985,1.437,2.442,1.334,1.831,3.457
3341,2004,1.077,1.627,2.828,1.31,1.816,2.916
3341,2005,1.197,1.68,3.067,1.433,1.952,3.847
3341,2006,1.343,2.496,3.388,1.302,2.082,3.431
3341,2007,1.35,1.899,3.51,1.552,2.287,3.806
3341,2008,1.407,2.071,3.715,1.66,2.564,4.125
3341,2009,1.392,2.26,3.399,1.665,2.234,4.606
3341,2010,1.341,2.141,3.376,1.62,2.469,4.552
3341,2011,1.421,2.406,3.69,1.433,2.306,3.781
3341,2012,1.422,2.504,3.63,1.37,2.154,3.406
3341,2013,1.561,2.57,4.225,1.395,2.179,3.632
3341,2014,1.274,1.799,3.618,1.398,2.449,3.551
3341,2015,1.169,1.583,3.275,1.354,2.371,3.771
3341,2016,1.115,1.432,3.148,1.423,2.359,3.712
3342,1997,0.6853,0.867,1.653,0.7277,0.966,1.908
3342,1998,0.9275,0.982,1.881,0.8016,0.912,2.23
3342,1999,0.6778,0.781,1.682,0.7351,1.032,1.868
3342,2000,0.8103,1.016,2.043,0.8275,1.199,2.246
3342,2001,0.71,0.845,1.935,0.856,1.167,2.264
3342,2002,1.164,1.441,3.457,0.8012,0.867,1.931
3342,2003,1.224,1.293,3.805,0.8454,0.971,1.986
3342,2004,0.7897,0.863,2.017,0.7945,0.898,2.317
3342,2005,0.9514,1.08,2.275,0.8431,0.921,2.172
3342,2006,0.87,1.143,2.005,0.8072,1.007,1.951
3342,2007,0.9134,1.161,2.337,0.7464,0.797,1.923
3342,2008,0.7702,1.162,1.883,0.7404,1.058,1.821
3342,2009,0.6424,0.718,1.586,0.6568,0.939,1.537
3342,2010,0.6932,0.743,1.965,0.6694,0.78,1.731
3342,2011,0.6951,0.856,1.763,0.6633,0.723,1.654
3342,2012,0.6939,0.719,1.785,0.6297,0.741,1.714
3342,2013,0.7205,0.888,1.863,0.6222,0.609,1.538
3342,2014,1.072,1.219,3.415,0.5926,0.584,1.244
3342,2015,0.8712,0.962,2.367,0.5937,0.514,1.088
3342,2016,0.9156,1.32,2.577,0.6205,0.489,1.273
3343,1997,0.798,0.962,2.466,0.7232,1.079,1.935
3343,1998,0.7326,1.005,2.2,0.7014,0.767,1.874
3343,1999,0.8284,1.533,2.337,0.709,0.944,1.885
3343,2000,0.9377,1.04,2.837,1.142,1.376,3.281
3343,2001,0.646,0.763,1.446,0.7931,1.423,1.832
3343,2002,0.6354,0.875,1.686,0.749,1.264,1.98
3343,2003,0.5702,0.662,1.499,0.7874,1.281,1.989
3343,2004,0.7524,0.705,2.079,0.9631,1.613,2.438
3343,2005,0.7325,1.28,1.654,0.8336,1.305,1.94
3343,2006,0.9033,2.034,2.18,0.8612,1.264,2.22
3343,2007,0.9515,1.905,2.15,0.7902,1.262,2.106
3343,2008,0.6912,0.521,1.718,0.7462,0.573,2.01
3343,2009,0.7969,0.887,2.34,0.6746,0.655,1.997
3343,2010,0.6601,0.723,1.655,0.5544,0.598,1.245
3343,2011,0.7085,0.674,1.583,0.6043,0.571,1.513
3343,2012,0.4622,0.604,1.084,0.4804,0.569,1.166
3343,2013,0.5711,0.794,1.412,0.4274,0.432,1.016
3343,2014,0.6725,0.623,1.518,0.5565,0.699,1.201
3343,2015,0.7615,0.826,2.553,0.5939,0.768,1.449
3343,2016,0.675,0.666,1.5,0.5838,0.643,1.547
3344,1997,0.6092,0.782,1.486,0.6932,0.98,1.739
3344,1998,0.9291,0.814,1.791,0.8834,1.009,1.898
3344,1999,0.6549,0.832,1.706,0.7606,1.13,2.013
3344,2000,0.7967,0.917,2.021,1.001,1.42,2.637
3344,2001,0.9214,0.924,2.464,1.05,1.557,2.721
3344,2002,0.836,0.908,1.954,1.127,1.833,3.103
3344,2003,0.8862,0.902,2.261,1.236,2.002,3.378
3344,2004,0.8685,0.896,2.09,1.212,1.818,3.282
3344,2005,0.888,0.845,2.119,1.26,2.002,3.37
3344,2006,0.946,0.919,2.269,1.271,2.153,3.477
3344,2007,1.074,1.288,2.861,1.321,2.237,3.47
3344,2008,1.061,1.27,2.832,1.332,2.252,3.488
3344,2009,1.123,1.332,2.918,1.422,2.451,3.558
3344,2010,1.058,1.055,2.984,1.452,2.398,3.745
3344,2011,1.187,1.104,3.342,1.522,2.513,4.091
3344,2012,1.322,1.588,3.708,1.437,2.619,3.584
3344,2013,1.192,1.531,3.163,1.429,2.668,3.659
3344,2014,1.031,1.026,2.221,1.485,2.664,4.214
3344,2015,1.084,1.194,2.704,1.474,2.668,3.857
3344,2016,0.9445,0.954,2.088,1.458,2.627,3.817
3345,1997,0.5576,0.644,1.436,0.5364,0.624,1.379
3345,1998,0.7326,0.71,1.544,0.6027,0.673,1.529
3345,1999,0.5379,0.677,1.384,0.5486,0.714,1.363
3345,2000,0.5237,0.585,1.309,0.5399,0.679,1.343
3345,2001,0.5469,0.662,1.284,0.5848,0.75,1.369
3345,2002,0.623,0.822,1.592,0.5776,0.816,1.472
3345,2003,0.576,0.82,1.448,0.5478,0.704,1.342
3345,2004,0.5337,0.636,1.252,0.5682,0.696,1.375
3345,2005,0.5928,0.725,1.458,0.5539,0.698,1.412
3345,2006,0.5632,0.65,1.393,0.5204,0.621,1.282
3345,2007,0.5761,0.698,1.51,0.5694,0.681,1.444
3345,2008,0.5955,0.717,1.46,0.6018,0.762,1.504
3345,2009,0.5625,0.7,1.404,0.5632,0.639,1.418
3345,2010,0.567,0.751,1.46,0.544,0.693,1.452
3345,2011,0.5759,0.765,1.466,0.5519,0.715,1.517
3345,2012,0.6041,0.776,1.605,0.5635,0.687,1.46
3345,2013,0.643,0.834,1.64,0.5852,0.652,1.424
3345,2014,0.603,0.801,1.544,0.5585,0.727,1.392
3345,2015,0.5981,0.722,1.64,0.5755,0.753,1.481
3345,2016,0.6423,0.884,1.648,0.5862,0.679,1.485
3346,1997,0.5877,0.948,1.56,0.5443,0.753,1.354
3346,1998,0.5007,0.724,1.081,0.5401,0.62,1.409
3346,1999,0.6376,0.895,1.472,0.5269,0.607,1.292
3346,2000,0.5065,0.665,1.428,0.5969,0.788,1.632
3346,2001,0.5851,0.786,1.822,0.5689,0.75,1.401
3346,2002,0.521,0.687,1.135,0.5432,0.813,1.413
3346,2003,0.5668,0.746,1.54,0.5566,0.761,1.287
3346,2004,0.49,0.448,1.175,0.5167,0.726,1.326
3346,2005,0.4696,0.651,1.192,0.5063,0.723,1.399
3346,2006,0.4306,0.655,1.201,0.539,0.742,1.438
3346,2007,0.5726,0.786,1.668,0.5303,0.705,1.335
3346,2008,0.6031,0.712,1.674,0.6322,0.911,1.6
3346,2009,0.6552,0.819,1.83,0.4664,0.525,1.172
3346,2010,0.6956,0.946,1.771,0.5447,0.451,1.299
3346,2011,0.5627,0.828,1.397,0.5296,0.493,1.141
3346,2012,0.6562,1.209,1.601,0.4293,0.557,1.034
3346,2013,0.6443,0.611,1.656,0.4766,0.803,1.217
3346,2014,0.5079,0.698,1.056,0.4732,0.485,0.925
3346,2015,0.5213,0.658,1.163,0.5947,0.852,1.224
3346,2016,0.5909,0.841,1.44,0.5675,0.694,1.442
3351,1997,0.5729,0.834,1.682,0.5324,0.741,1.334
3351,1998,0.69,0.907,1.733,0.7307,0.812,1.72
3351,1999,0.6517,0.86,1.664,0.5945,0.724,1.618
3351,2000,0.5173,0.696,1.381,0.5485,0.789,1.285
3351,2001,0.5627,0.731,1.486,0.5437,0.797,1.392
3351,2002,0.5836,0.689,1.461,0.5274,0.838,1.301
3351,2003,0.5803,0.585,1.394,0.5557,0.727,1.413
3351,2004,0.5706,0.698,1.534,0.503,0.643,1.286
3351,2005,0.5836,0.644,1.62,0.4758,0.714,1.28
3351,2006,0.5568,0.576,1.513,0.4843,0.632,1.225
3351,2007,0.6002,0.769,1.657,0.5004,0.764,1.319
3351,2008,0.5132,0.605,1.36,0.5096,0.718,1.348
3351,2009,0.5194,0.572,1.452,0.493,0.596,1.288
3351,2010,0.5042,0.654,1.227,0.5108,0.664,1.329
3351,2011,0.6348,0.767,1.453,0.5243,0.655,1.229
3351,2012,0.5118,0.629,1.111,0.4876,0.647,1.227
3351,2013,0.5358,0.825,1.433,0.4928,0.749,1.324
3351,2014,0.6038,0.755,1.78,0.5052,0.685,1.316
3351,2015,0.5936,0.784,1.62,0.546,0.765,1.38
3351,2016,0.5883,0.888,1.438,0.5447,0.76,1.374
3352,1997,0.5493,0.801,1.321,0.4213,0.504,1.008
3352,1998,0.542,0.806,1.264,0.4296,0.468,1.039
3352,1999,0.5483,0.79,1.538,0.4026,0.469,1.031
3352,2000,0.5372,0.721,1.308,0.3688,0.395,0.807
3352,2001,0.4668,0.655,1.318,0.363,0.47,0.85
3352,2002,0.5825,0.875,1.051,0.5193,0.932,1.126
3352,2003,0.573,0.681,1.602,0.3965,0.41,1.055
3352,2004,0.4454,0.736,1.052,0.3611,0.472,0.965
3352,2005,0.641,0.932,1.762,0.3684,0.5,0.943
3352,2006,0.3484,0.314,0.835,0.3943,0.553,0.741
3352,2007,0.5183,0.582,1.185,0.4798,0.604,1.169
3352,2008,0.4587,0.716,1.232,0.3841,0.483,1.031
3352,2009,0.6299,1.103,1.567,0.4208,0.563,1.117
3352,2010,0.5052,0.772,1.399,0.377,0.568,0.895
3352,2011,0.554,0.892,1.5,0.4108,0.58,1.016
3352,2012,0.5421,0.728,1.504,0.4867,0.578,1.204
3352,2013,0.6353,0.924,1.933,0.4807,0.712,1.011
3352,2014,0.5093,0.568,1.121,0.4227,0.573,0.942
3352,2015,0.5143,0.462,1.35,0.474,0.596,1.054
3352,2016,0.6088,0.73,1.449,0.5028,0.756,1.069
3353,1997,0.5491,0.638,1.559,0.538,0.707,1.417
3353,1998,0.5602,0.635,1.371,0.5369,0.708,1.404
3353,1999,0.7045,0.817,2.071,0.5578,0.726,1.351
3353,2000,0.706,0.884,2.007,0.5595,0.685,1.429
3353,2001,0.6201,0.816,1.777,0.5574,0.73,1.421
3353,2002,0.6497,0.833,1.721,0.594,0.777,1.529
3353,2003,0.6318,0.812,1.7,0.5829,0.728,1.458
3353,2004,0.5468,0.785,1.348,0.5075,0.695,1.227
3353,2005,0.5232,0.647,1.352,0.5309,0.603,1.319
3353,2006,0.5941,0.649,1.602,0.5442,0.626,1.391
3353,2007,0.5925,0.733,1.508,0.5376,0.656,1.361
3353,2008,0.6381,0.763,1.763,0.5707,0.792,1.474
3353,2009,0.61,0.83,1.671,0.559,0.728,1.505
3353,2010,0.5666,0.726,1.372,0.5575,0.709,1.462
3353,2011,0.611,0.894,1.681,0.5597,0.768,1.429
3353,2012,0.5553,0.778,1.416,0.5233,0.719,1.396
3353,2013,0.5671,0.828,1.501,0.5659,0.819,1.477
3353,2014,0.6966,0.937,1.839,0.5557,0.748,1.463
3353,2015,0.6562,0.983,1.768,0.5551,0.732,1.482
3353,2016,0.6184,0.872,1.662,0.5501,0.752,1.425
3359,1997,0.8422,0.762,1.661,0.6472,0.827,1.582
3359,1998,0.6966,0.892,1.747,0.6534,0.874,1.613
3359,1999,0.6343,0.934,1.668,0.629,0.905,1.493
3359,2000,0.6562,0.88,1.661,0.6424,0.949,1.604
3359,2001,0.6533,0.864,1.679,0.6243,0.857,1.602
3359,2002,0.6892,0.818,1.866,0.6562,0.92,1.634
3359,2003,0.6726,1.009,1.723,0.631,0.869,1.621
3359,2004,0.6775,1.001,1.815,0.6268,0.854,1.548
3359,2005,0.6801,0.957,1.761,0.6681,0.881,1.758
3359,2006,0.7244,0.932,1.791,0.6684,0.929,1.599
3359,2007,0.6911,0.842,1.779,0.6828,0.93,1.63
3359,2008,0.689,0.856,1.672,0.6792,0.997,1.71
3359,2009,0.6062,0.71,1.552,0.6126,0.812,1.582
3359,2010,0.6087,0.811,1.663,0.6119,0.863,1.644
3359,2011,0.6556,0.86,1.709,0.6616,0.832,1.732
3359,2012,0.7543,1.161,2.136,0.6606,0.807,1.741
3359,2013,0.7696,1.098,2.086,0.6585,0.817,1.675
3359,2014,0.6294,0.918,1.668,0.6084,0.839,1.527
3359,2015,0.6048,0.829,1.462,0.6167,0.863,1.55
3359,2016,0.629,0.836,1.572,0.6034,0.745,1.545
3361,1997,0.9656,1.641,2.39,0.5531,0.565,1.237
3361,1998,0.8809,1.388,2.281,0.5027,0.336,1.209
3361,1999,0.8743,1.443,2.364,0.5039,0.655,1.276
3361,2000,0.8742,1.582,2.126,0.5397,0.656,1.198
3361,2001,1.042,2.086,2.665,0.6196,0.529,1.731
3361,2002,0.7463,0.827,2.01,0.6254,0.489,1.363
3361,2003,0.8153,1.347,2.273,0.5826,0.532,1.339
3361,2004,0.8423,1.511,2.048,0.5799,0.504,1.477
3361,2005,0.8196,1.399,2.126,0.6133,0.542,1.698
3361,2006,0.9288,1.518,2.559,0.5983,0.489,1.487
3361,2007,0.7977,1.112,2.113,0.644,0.559,1.595
3361,2008,0.7711,0.947,2.132,0.6487,0.711,1.584
3361,2009,1.334,1.658,4.006,0.6476,0.636,1.379
3361,2010,1.288,2.329,3.349,0.7218,0.704,1.905
3361,2011,1.037,2.118,2.738,0.631,0.687,1.3
3361,2012,1.114,2.098,2.695,0.6548,0.576,1.505
3361,2013,1.152,1.359,3.269,0.6384,0.555,1.55
3361,2014,1.086,1.505,2.575,0.5179,0.531,1.007
3361,2015,0.8251,0.983,2.299,0.6087,0.555,1.254
3361,2016,0.8857,1.724,2.01,0.6205,0.65,1.399
3362,1997,0.4019,0.483,0.938,0.4267,0.561,1.122
3362,1998,0.4862,0.597,1.212,0.4508,0.642,1.091
3362,1999,0.5261,0.697,1.285,0.4771,0.65,1.163
3362,2000,0.5239,0.586,1.337,0.4666,0.638,1.121
3362,2001,0.4699,0.64,1.261,0.461,0.559,1.193
3362,2002,0.5412,0.833,1.49,0.4753,0.645,1.311
3362,2003,0.4998,0.655,1.349,0.4829,0.683,1.224
3362,2004,0.4244,0.486,1.108,0.453,0.613,1.097
3362,2005,0.4972,0.678,1.278,0.4458,0.646,1.15
3362,2006,0.5056,0.663,1.233,0.4626,0.626,1.259
3362,2007,0.4788,0.637,1.17,0.4638,0.663,1.218
3362,2008,0.513,0.624,1.304,0.4921,0.645,1.164
3362,2009,0.5787,0.721,1.614,0.5044,0.683,1.288
3362,2010,0.5306,0.675,1.28,0.4683,0.642,1.238
3362,2011,0.4392,0.662,1.095,0.4265,0.573,1.153
3362,2012,0.5316,0.728,1.42,0.4528,0.6,1.179
3362,2013,0.5223,0.711,1.343,0.4692,0.598,1.211
3362,2014,0.4999,0.603,1.441,0.4332,0.52,1.142
3362,2015,0.4619,0.572,1.242,0.4177,0.557,1.074
3362,2016,0.4754,0.655,1.165,0.4312,0.525,1.051
3363,1997,0.6494,0.853,1.709,0.5912,0.716,1.489
3363,1998,0.6676,0.835,1.759,0.6098,0.753,1.521
3363,1999,0.6403,0.792,1.684,0.5688,0.723,1.408
3363,2000,0.6293,0.833,1.62,0.5611,0.745,1.438
3363,2001,0.6263,0.852,1.614,0.5773,0.769,1.431
3363,2002,0.6477,0.777,1.652,0.5869,0.743,1.511
3363,2003,0.6245,0.855,1.651,0.597,0.797,1.568
3363,2004,0.6142,0.788,1.616,0.5621,0.693,1.455
3363,2005,0.6207,0.752,1.697,0.5878,0.76,1.544
3363,2006,0.6554,0.841,1.775,0.5722,0.765,1.468
3363,2007,0.6584,0.923,1.706,0.6115,0.818,1.518
3363,2008,0.6955,0.93,1.801,0.6227,0.75,1.583
3363,2009,0.6693,0.776,1.786,0.6007,0.765,1.542
3363,2010,0.6498,0.737,1.674,0.5966,0.777,1.509
3363,2011,0.6989,0.836,1.939,0.6241,0.774,1.535
3363,2012,0.7125,0.809,1.925,0.6488,0.811,1.671
3363,2013,0.7842,1.132,1.992,0.6486,0.822,1.677
3363,2014,0.7266,0.964,1.925,0.6027,0.756,1.586
3363,2015,0.7639,1.027,1.917,0.6134,0.758,1.598
3363,2016,0.6817,0.919,1.771,0.6006,0.756,1.561
3364,1997,0.616,0.785,1.562,0.5588,0.708,1.294
3364,1998,0.7386,0.995,2.032,0.6003,0.783,1.694
3364,1999,0.6364,0.837,1.638,0.6291,0.761,1.741
3364,2000,0.6405,0.877,1.395,0.5839,0.711,1.401
3364,2001,0.5953,0.797,1.657,0.5731,0.843,1.443
3364,2002,0.6438,0.65,1.428,0.5721,0.752,1.418
3364,2003,0.6333,0.804,1.615,0.5527,0.667,1.355
3364,2004,0.5823,0.754,1.496,0.5627,0.722,1.417
3364,2005,0.612,0.629,1.738,0.5753,0.712,1.518
3364,2006,0.6061,0.746,1.514,0.574,0.807,1.412
3364,2007,0.571,0.764,1.294,0.6287,0.792,1.548
3364,2008,0.6561,0.901,1.665,0.5436,0.663,1.26
3364,2009,0.7431,0.866,2.058,0.5946,0.792,1.336
3364,2010,0.7088,0.852,1.842,0.631,0.78,1.618
3364,2011,0.7584,1.032,1.825,0.5783,0.632,1.444
3364,2012,0.7427,1.074,1.942,0.6622,1.012,1.52
3364,2013,0.8472,0.987,2.014,0.6683,1.052,1.436
3364,2014,0.6107,0.75,1.673,0.6392,0.951,1.36
3364,2015,0.796,1.112,2.11,0.6762,0.941,1.713
3364,2016,0.6581,0.918,1.693,0.6911,0.971,1.569
3365,1997,0.5814,0.735,1.645,0.4739,0.424,1.297
3365,1998,0.6484,0.891,1.629,0.5207,0.398,1.269
3365,1999,0.6603,1.083,1.591,0.4873,0.608,1.271
3365,2000,0.5461,0.905,1.301,0.4935,0.574,1.408
3365,2001,0.6414,0.899,1.462,0.5457,0.606,1.31
3365,2002,0.5852,0.699,1.468,0.5434,0.769,1.547
3365,2003,0.623,1.081,1.554,0.5329,0.781,1.082
3365,2004,0.5847,0.755,1.693,0.5133,0.745,1.419
3365,2005,0.67,0.831,2.231,0.5356,0.655,1.318
3365,2006,0.7808,1.235,1.912,0.5582,0.64,1.319
3365,2007,0.96,1.74,2.556,0.5285,0.363,1.29
3365,2008,0.8969,1.109,2.089,0.6968,0.78,1.582
3365,2009,0.7855,0.923,1.83,0.5799,0.477,1.295
3365,2010,0.639,0.789,1.56,0.4435,0.576,0.977
3365,2011,0.72,1.063,1.63,0.4791,0.656,0.959
3365,2012,0.9308,1.152,2.031,0.6301,1.136,1.52
3365,2013,0.8,1.582,2.1,0.7131,0.94,2.1
3365,2014,0.7005,0.921,1.506,0.7423,1.36,1.85
3365,2015,0.7567,0.972,1.922,0.6458,0.981,1.699
3365,2016,0.7749,0.937,1.966,0.6241,0.908,1.531
3366,1997,0.4902,0.482,1.296,0.3736,0.304,0.844
3366,1998,0.5658,0.753,1.588,0.3969,0.363,0.952
3366,1999,0.4337,0.467,1.046,0.3763,0.378,0.856
3366,2000,0.4171,0.625,1.046,0.3457,0.485,0.852
3366,2001,0.4221,0.508,1.073,0.371,0.497,0.872
3366,2002,0.4761,0.421,1.196,0.3511,0.377,0.789
3366,2003,0.534,0.478,1.343,0.3646,0.426,0.89
3366,2004,0.4191,0.416,1.072,0.3339,0.333,0.887
3366,2005,0.4736,0.553,1.141,0.3787,0.453,0.88
3366,2006,0.4522,0.589,1.077,0.3768,0.48,0.937
3366,2007,0.4541,0.66,1.071,0.4042,0.637,0.903
3366,2008,0.5646,0.667,1.304,0.387,0.469,0.751
3366,2009,0.6008,0.483,1.666,0.4008,0.604,0.742
3366,2010,0.4956,0.517,1.102,0.3202,0.358,0.64
3366,2011,0.5379,0.715,1.449,0.3605,0.513,0.828
3366,2012,0.514,0.737,1.215,0.3496,0.404,0.846
3366,2013,0.6656,0.754,1.86,0.3484,0.414,0.792
3366,2014,0.6444,0.869,1.758,0.419,0.546,0.95
3366,2015,0.4445,0.729,1.093,0.3508,0.414,0.847
3366,2016,0.5493,0.653,1.165,0.3846,0.4,0.846
3369,1997,0.4862,0.567,1.392,0.6469,1.109,1.655
3369,1998,0.5204,0.761,1.311,0.6503,0.951,1.834
3369,1999,0.7389,1.082,2.089,0.6996,0.952,1.865
3369,2000,0.7,1.148,1.789,0.7672,1.157,1.897
3369,2001,0.636,0.846,1.746,0.7696,1.107,2.053
3369,2002,0.5958,0.662,1.564,0.7786,0.772,2.086
3369,2003,0.6906,1.25,1.902,0.7203,0.955,2.031
3369,2004,0.6739,0.941,1.785,0.7973,1.202,2.408
3369,2005,0.5474,0.998,1.364,0.6178,0.839,1.722
3369,2006,0.6592,1.186,1.5,0.6229,0.843,1.533
3369,2007,0.6413,1.136,1.642,0.7416,0.872,2.185
3369,2008,0.7069,1.065,1.751,0.8104,1.242,2.326
3369,2009,0.7213,1.306,1.936,0.7111,1.249,1.885
3369,2010,0.8592,1.391,2.014,0.7348,1.346,1.916
3369,2011,0.8013,1.042,2.034,0.7643,1.1,2.03
3369,2012,0.7859,1.086,2.004,0.8185,1.089,2.321
3369,2013,0.6448,1.045,1.717,0.8533,1.287,2.39
3369,2014,0.7931,1.433,2.151,0.7953,1.296,2.079
3369,2015,0.9689,1.506,2.99,0.8869,1.545,2.504
3369,2016,0.7541,0.748,2.427,0.8635,1.378,2.272
3371,1997,0.451,0.517,1.141,0.4277,0.505,1.037
3371,1998,0.5171,0.665,1.266,0.467,0.542,1.135
3371,1999,0.4797,0.606,1.205,0.4294,0.546,1.023
3371,2000,0.4593,0.576,1.126,0.4563,0.528,1.11
3371,2001,0.4427,0.509,1.042,0.4302,0.538,1.055
3371,2002,0.5324,0.608,1.338,0.4545,0.547,1.135
3371,2003,0.4502,0.507,1.103,0.4425,0.503,1.192
3371,2004,0.4631,0.475,1.108,0.4492,0.52,1.118
3371,2005,0.4552,0.526,1.1,0.4514,0.534,1.191
3371,2006,0.4392,0.514,1.041,0.4435,0.535,1.156
3371,2007,0.5132,0.579,1.316,0.4724,0.558,1.172
3371,2008,0.4794,0.482,1.147,0.4933,0.609,1.224
3371,2009,0.5599,0.625,1.257,0.4928,0.635,1.2
3371,2010,0.4867,0.521,1.102,0.4814,0.619,1.236
3371,2011,0.5055,0.612,1.306,0.4784,0.58,1.222
3371,2012,0.5796,0.678,1.54,0.4784,0.608,1.178
3371,2013,0.5385,0.703,1.325,0.4738,0.627,1.184
3371,2014,0.4907,0.614,1.227,0.4596,0.566,1.159
3371,2015,0.56,0.607,1.377,0.4937,0.578,1.255
3371,2016,0.5386,0.622,1.251,0.4633,0.599,1.148
3372,1997,0.49,0.514,1.227,0.5393,0.714,1.381
3372,1998,0.5038,0.634,1.237,0.5085,0.724,1.315
3372,1999,0.4857,0.622,1.154,0.5176,0.693,1.305
3372,2000,0.5144,0.544,1.281,0.5274,0.747,1.356
3372,2001,0.5165,0.663,1.383,0.5155,0.623,1.351
3372,2002,0.493,0.554,1.198,0.5211,0.609,1.329
3372,2003,0.5245,0.568,1.379,0.5525,0.657,1.463
3372,2004,0.4486,0.502,1.064,0.5294,0.662,1.394
3372,2005,0.4444,0.516,1.02,0.5246,0.67,1.346
3372,2006,0.4883,0.509,1.226,0.5137,0.64,1.322
3372,2007,0.534,0.557,1.251,0.5208,0.654,1.317
3372,2008,0.5737,0.63,1.385,0.5554,0.711,1.43
3372,2009,0.4526,0.559,1.175,0.5119,0.654,1.361
3372,2010,0.5187,0.683,1.301,0.4938,0.678,1.256
3372,2011,0.422,0.513,1.057,0.5112,0.637,1.422
3372,2012,0.4904,0.5,1.228,0.5222,0.675,1.317
3372,2013,0.5033,0.626,1.288,0.5009,0.726,1.259
3372,2014,0.496,0.551,1.237,0.5177,0.732,1.415
3372,2015,0.4116,0.474,1.078,0.4807,0.673,1.227
3372,2016,0.487,0.587,1.318,0.4874,0.72,1.312
3379,1997,0.4953,0.633,1.24,0.4955,0.789,1.293
3379,1998,0.4539,0.529,1.271,0.5045,0.786,1.339
3379,1999,0.5266,0.795,1.374,0.5196,0.695,1.263
3379,2000,0.5034,0.606,1.216,0.5537,0.8,1.376
3379,2001,0.6289,0.568,1.621,0.5199,0.773,1.305
3379,2002,0.6561,0.741,1.84,0.535,0.811,1.316
3379,2003,0.5819,0.738,1.425,0.5417,0.847,1.402
3379,2004,0.5325,0.836,1.376,0.5486,0.882,1.356
3379,2005,0.5738,0.784,1.56,0.5525,0.852,1.44
3379,2006,0.5372,0.705,1.396,0.5794,0.826,1.439
3379,2007,0.5092,0.777,1.251,0.5272,0.872,1.371
3379,2008,0.6026,0.844,1.485,0.6068,0.864,1.539
3379,2009,0.5935,0.997,1.37,0.5921,0.969,1.571
3379,2010,0.5228,0.768,1.342,0.5708,0.776,1.527
3379,2011,0.5491,0.815,1.395,0.5945,0.926,1.473
3379,2012,0.7491,1.156,2.06,0.6815,1.165,1.75
3379,2013,0.6024,0.804,1.591,0.6019,1.001,1.471
3379,2014,0.5851,0.768,1.428,0.6013,1.064,1.542
3379,2015,0.4747,0.773,1.194,0.4813,0.802,1.218
3379,2016,0.4986,0.783,1.196,0.5495,0.706,1.203
3391,1997,0.5756,0.695,1.472,0.5903,0.794,1.563
3391,1998,0.5972,0.814,1.556,0.6457,0.907,1.677
3391,1999,0.6147,0.717,1.528,0.6928,1.058,1.815
3391,2000,0.5995,0.71,1.5,0.7014,1.095,1.813
3391,2001,0.6024,0.578,1.329,0.7533,1.139,1.979
3391,2002,0.6017,0.803,1.496,0.7131,1.002,1.891
3391,2003,0.6501,0.892,1.717,0.7595,1.187,2.004
3391,2004,0.5448,0.586,1.314,0.751,1.226,1.962
3391,2005,0.5881,0.543,1.518,0.7929,1.26,2.127
3391,2006,0.6345,0.63,1.613,0.8138,1.337,2.149
3391,2007,0.7136,0.907,1.692,0.8275,1.328,2.169
3391,2008,0.7256,0.765,1.837,0.8764,1.385,2.334
3391,2009,0.7928,1.057,2.065,0.8865,1.315,2.408
3391,2010,0.8111,1.082,2.072,0.9118,1.402,2.421
3391,2011,0.8375,1.097,2.076,0.9619,1.417,2.666
3391,2012,0.923,1.394,2.328,0.9512,1.339,2.686
3391,2013,0.9062,1.454,2.399,0.9499,1.272,2.61
3391,2014,0.7955,0.723,2.056,1.042,1.835,2.819
3391,2015,0.7758,0.685,1.833,1.03,1.763,2.754
3391,2016,0.825,0.728,2.164,1.023,1.76,2.756
3399,1997,0.6088,0.784,1.546,0.577,0.764,1.462
3399,1998,0.68,0.908,1.771,0.6042,0.773,1.551
3399,1999,0.6318,0.833,1.612,0.5886,0.722,1.461
3399,2000,0.6305,0.837,1.6,0.5862,0.729,1.499
3399,2001,0.6003,0.715,1.539,0.5791,0.725,1.478
3399,2002,0.6321,0.782,1.627,0.5973,0.786,1.52
3399,2003,0.5853,0.733,1.468,0.5831,0.748,1.542
3399,2004,0.6706,0.812,1.824,0.6075,0.777,1.588
3399,2005,0.6776,0.891,1.744,0.5989,0.756,1.552
3399,2006,0.564,0.668,1.42,0.5751,0.732,1.48
3399,2007,0.6194,0.725,1.624,0.6047,0.745,1.543
3399,2008,0.5633,0.678,1.401,0.5907,0.769,1.494
3399,2009,0.6576,0.734,1.711,0.6042,0.761,1.522
3399,2010,0.5867,0.625,1.422,0.5989,0.758,1.505
3399,2011,0.568,0.606,1.437,0.5843,0.736,1.505
3399,2012,0.6316,0.718,1.59,0.5946,0.734,1.456
3399,2013,0.6666,0.777,1.615,0.5978,0.747,1.517
3399,2014,0.6105,0.764,1.596,0.582,0.729,1.429
3399,2015,0.5963,0.683,1.447,0.5754,0.75,1.502
3399,2016,0.6004,0.78,1.504,0.584,0.756,1.496
"*Activity weighted statistics, weight: total hours worked",,,,,,,
The Census Bureau has reviewed this data product for unauthorized disclosure of confidential information and has approved the disclosure avoidance applied. (Approval ID: CBDRB-FY20-319),,,,,,,
